,0
0,provide
1,info
2,food
3,support
4,daughter
5,weeks
6,terrible
7,time
8,losing
9,job
10,stay
11,home
12,independent
13,money
14,lasts
15,child
16,feed
17,bills
18,pay
19,negatively
20,affects
21,eligibility
22,moved
23,uk
24,8
25,months
26,ago
27,quickly
28,ate
29,couple
30,completely
31,tomorrow
32,personally
33,lockdown
34,gov
35,refuses
36,option
37,masks
38,compulsory
39,wearing
40,mask
41,community
42,transmission
43,20
44,slow
45,spread
46,stop
47,victoria
48,surely
49,learning
50,mistakes
51,waiting
52,till
53,late
54,hey
55,guys
56,australia
57,lost
58,wallet
59,night
60,remember
61,pub
62,call
63,stand
64,feature
65,stairs
66,pack
67,smoke
68,lol
69,suggestions
70,past
71,days
72,finding
73,half
74,dead
75,cockroaches
76,house
77,traps
78,expired
79,summer
80,winter
81,temperature
82,drastically
83,transition
84,period
85,dust
86,fumes
87,21
88,lisbon
89,portugal
90,citizen
91,study
92,abroad
93,london
94,standpoint
95,spend
96,month
97,living
98,rented
99,ps
100,transportation
101,included
102,schemes
103,helping
104,guy
105,rank
106,vulnerable
107,criteria
108,council
109,housing
110,struggling
111,pays
112,1000
113,crazy
114,amount
115,leaves
116,100
117,reason
118,current
119,rent
120,require
121,deposit
122,plan
123,charity
124,act
125,guarantor
126,move
127,cheaper
128,life
129,track
130,ideas
131,appreciated
132,online
133,struggle
134,market
135,sydney
136,preferably
137,hawkesbury
138,river
139,boat
140,anymore
141,sa
142,vic
143,hire
144,sports
145,boats
146,day
147,shit
148,shitty
149,tinnies
150,fishing
151,instructor
152,ski
153,gear
154,hiring
155,privately
156,weekend
157,viable
158,investment
159,opportunity
160,weirdo
161,fuck
162,people
163,figure
164,rates
165,400
166,significantly
167,buy
168,"10,000"
169,bitch
170,imagine
171,surprise
172,watching
173,astronomy
174,club
175,netflix
176,e6
177,american
178,sketch
179,comedy
180,black
181,cast
182,red
183,square
184,hindley
185,st
186,found
187,wondering
188,routes
189,run
190,staying
191,tower
192,that'd
193,starting
194,3
195,10
196,miles
197,accepted
198,daily
199,random
200,discussion
201,thread
202,feel
203,free
204,chat
205,questions
206,subreddit
207,question
208,read
209,sidebar
210,docs.google.com
211,document
212,1yt_zz7y686ku1kdeoq0horxzny56e1
213,r85ndgfb412o
214,edit
215,ಠ_ಠ
216,wiki
217,index
218,lots
219,visit
220,eat
221,site
222,rules
223,faq
224,advertise
225,posting
226,links
227,content
228,user
229,answer
230,pretty
231,post
232,reddiquette
233,20reddit.com
234,promotion
235,selfpromotion
236,south
237,australian
238,weather
239,facebook
240,page
241,www.facebook.com
242,posts
243,gt
244,notes
245,24hrs
246,prescribed
247,burn
248,occurring
249,scrub
250,visible
251,north
252,impact
253,surrounding
254,respiratory
255,issues
256,action
257,keeping
258,doors
259,windows
260,closed
261,hay
262,fever
263,sufferers
264,warmer
265,temperatures
266,ne
267,winds
268,pollen
269,air
270,forgot
271,lightning
272,chance
273,stray
274,storm
275,hours
276,morning
277,surface
278,trough
279,moves
280,alongside
281,weak
282,upper
283,level
284,expected
285,timing
286,730am
287,minimal
288,rain
289,giving
290,based
291,nature
292,storms
293,link
294,tree
295,hill
296,cfs
297,mo
298,enjoy
299,tuesday
300,liverpool
301,belgium
302,introduce
303,van
304,der
305,belgian
306,television
307,company
308,season
309,popular
310,world
311,dutch
312,suitable
313,character
314,born
315,raised
316,featured
317,recording
318,quiz
319,guess
320,responded
321,specific
322,talkative
323,audience
324,insight
325,everyday
326,culture
327,traditions
328,special
329,personal
330,story
331,women
332,shy
333,camera
334,skill
335,juggling
336,folding
337,paper
338,singing
339,striking
340,weird
341,appearance
342,love
343,traditional
344,stereotype
345,country
346,city
347,eye
348,meets
349,e.g
350,israel
351,interview
352,jew
353,clothes
354,beard
355,plays
356,music
357,real
358,1
359,april
360,exact
361,dates
362,tba
363,2
364,recordings
365,clips
366,vimeo.com
367,immediately
368,mind
369,send
370,pm
371,gladly
372,extensive
373,explanation
374,information
375,payment
376,recently
377,advertised
378,garden
379,maintenance
380,lawns
381,mowed
382,week
383,moving
384,4
385,havent
386,booked
387,isnt
388,estate
389,agents
390,rude
391,dismissive
392,continue
393,calling
394,rental
395,agreement
396,telling
397,advertising
398,hesitant
399,tribunal
400,overgrown
401,wet
402,spiders
403,difficult
404,hang
405,washing
406,advice
407,travelling
408,nicest
409,hike
410,alpine
411,region
412,bonus
413,nicer
414,camping
415,spots
416,route
417,lake
418,top
419,mt
420,showers
421,flushing
422,toilets
423,melbourne
424,lot
425,fantastic
426,ramen
427,prospects
428,limited
429,restaurant
430,makes
431,experience
432,acting
433,reel
434,auditions
435,22
436,male
437,east
438,curious
439,indie
440,filmmakers
441,roles
442,matter
443,gifts
444,family
445,friends
446,upcoming
447,festival
448,taste
449,aesthetic
450,syndey
451,cbd
452,town
453,hall
454,epping
455,eastwood
456,greatly
457,gym
458,join
459,bit
460,closer
461,station
462,stamford
463,bridge
464,gyms
465,focused
466,cardio
467,bunch
468,classes
469,70
470,puregym
471,power
472,rack
473,weights
474,hates
475,visited
476,palm
477,beach
478,covid
479,situation
480,sucks
481,travelled
482,car
483,public
484,transport
485,risk
486,sanitizer
487,wipes
488,serenity
489,preview.redd.it
490,jpg
491,width
492,4032
493,format
494,pjpg
495,auto
496,webp
497,fellow
498,melbournians
499,concerned
500,19
501,grand
502,prix
503,shut
504,major
505,events
506,cancelled
507,business
508,reaches
509,panic
510,media
511,avoiding
512,individuals
513,fine
514,catch
515,50
516,age
517,professional
518,opinions
519,shot
520,jars
521,powder
522,adelaide
523,16
524,options
525,shipping
526,cheap
527,singer
528,band
529,ll
530,leave
531,travel
532,bad
533,leaving
534,disclaimer
535,genres
536,sing
537,heavy
538,metal
539,hard
540,rock
541,moment
542,hoping
543,musicians
544,lose
545,title
546,suggests
547,mold
548,growing
549,apartment
550,studio
551,window
552,sliding
553,door
554,street
555,ground
556,floor
557,unit
558,tips
559,humidity
560,circulation
561,avoid
562,planning
563,lease
564,advance
565,hold
566,position
567,introducing
568,concept
569,management
570,consultation
571,vision
572,previously
573,unheard
574,introduced
575,met
576,suspicion
577,established
578,reputable
579,service
580,confident
581,creative
582,angle
583,person
584,video
585,academic
586,qualifications
587,londoners
588,private
589,tenant
590,renting
591,dispute
592,landlord
593,tenancy
594,term
595,requested
596,fixed
597,seek
598,compensation
599,classic
600,disputes
601,rarely
602,worth
603,collected
604,court
605,faced
606,attitude
607,decided
608,justice
609,understand
610,lawyer
611,firm
612,deals
613,situations
614,grateful
615,recommendations
616,consulted
617,shelter
618,main
619,learned
620,occurred
621,monument
622,bank
623,swear
624,talking
625,www.google.com
626,www.mirror.co.uk
627,news
628,breaking
629,incident
630,utter
631,heya
632,heathrow
633,terminal
634,kings
635,cross
636,train
637,express
638,flight
639,arrives
640,11
641,a.m
642,saturday
643,october
644,passport
645,carry
646,bag
647,i.e
648,electronic
649,gates
650,immigration
651,bags
652,reclaim
653,transit
654,gate
655,platform
656,fairly
657,prompt
658,plane
659,walk
660,circle
661,hammersmith
662,tube
663,5
664,stops
665,30
666,p.m
667,book
668,necessarily
669,pressure
670,helpful
671,complain
672,agree
673,massively
674,undermines
675,affordability
676,property
677,complaints
678,propose
679,solution
680,bankers
681,live
682,requires
683,change
684,status
685,quo
686,sustainable
687,entertainment
688,tonight
689,performing
690,acoustic
691,set
692,stream
693,youtube
694,www.youtube.com
695,watch
696,fbclid
697,starts
698,9pm
699,covers
700,songs
701,friend
702,putting
703,prepaid
704,coffee
705,card
706,bought
707,local
708,cafe
709,coffees
710,lockdowns
711,redeem
712,thinking
713,cash
714,clue
715,transactions
716,harder
717,owner
718,37
719,heading
720,hot
721,minute
722,head
723,bowl
724,water
725,birds
726,animals
727,chuck
728,ice
729,cubes
730,pets
731,bowls
732,floors
733,tiled
734,cube
735,play
736,check
737,elderly
738,relatives
739,neighbours
740,isolated
741,aircon
742,hydrated
743,drink
744,plenty
745,encourage
746,children
747,active
748,regularly
749,pregnant
750,medications
751,blood
752,coping
753,heat
754,extra
755,bottles
756,loose
757,sticks
758,finally
759,fire
760,safe
761,ensure
762,familiar
763,decent
764,knowledge
765,bedroom
766,huge
767,budget
768,afford
769,ruled
770,croxteth
771,history
772,gang
773,violence
774,norris
775,green
776,bootle
777,seaforth
778,litherland
779,recent
780,crime
781,kirkdale
782,anfield
783,scally
784,tuebrook
785,everton
786,kensington
787,road
788,waterloo
789,nice
790,crosby
791,west
792,derby
793,walton
794,park
795,aintree
796,ash
797,huyton
798,swan
799,fairfield
800,prefer
801,affordable
802,speke
803,rough
804,belle
805,vale
806,dingle
807,wavertree
808,toxteth
809,halewood
810,garston
811,hunts
812,reccomend
813,list
814,cheers
815,police
816,located
817,flinders
818,creating
819,line
820,orderly
821,fashion
822,monday
823,feels
824,overkill
825,slightly
826,intimidating
827,response
828,vehicles
829,parked
830,odd
831,sadly
832,dogs
833,itch
834,scratched
835,hehe
836,sign
837,official
838,volunteer
839,eating
840,flow
841,art
842,communities
843,start
844,struggled
845,meet
846,socially
847,hobbies
848,6
849,keen
850,geek
851,lifting
852,exploring
853,ive
854,suggested
855,dartford
856,kent
857,idea
858,told
859,true
860,leichhardt
861,residents
862,proof
863,residence
864,googling
865,rubbish
866,called
867,transfer
868,stations
869,fiancé
870,tourist
871,attractions
872,shop
873,gridlocked
874,boggles
875,ass
876,backwards
877,laws
878,caught
879,possibly
880,slapped
881,3000
882,fines
883,loads
884,quietly
885,issue
886,individual
887,collective
888,campaign
889,legalised
890,argument
891,frustrating
892,cities
893,integrated
894,modes
895,nsw
896,sit
897,commuter
898,hour
899,related
900,blogs
901,websites
902,channels
903,instagram
904,feeds
905,ect
906,add
907,build
908,themed
909,internet
910,routine
911,lt
912,mugged
913,licence
914,megan
915,jean
916,redacted
917,letters
918,reward
919,rest
920,lovely
921,bin
922,easily
923,hundred
924,flies
925,uncovered
926,ten
927,land
928,happening
929,mate
930,northern
931,suburbs
932,clean
933,houses
934,fucking
935,mates
936,campsite
937,swim
938,bars
939,married
940,20s
941,30s
942,usa
943,latin
944,backgrounds
945,drinks
946,dancing
947,owls
948,11pm
949,relaxed
950,mature
951,suit
952,idiots
953,building
954,id
955,access
956,unable
957,exit
958,minutes
959,unsure
960,sells
961,retro
962,style
963,christmas
964,lights
965,c6
966,9
967,globes
968,charming
969,apparently
970,source
971,international
972,sellers
973,eu
974,plug
975,dunno
976,120
977,ideally
978,leds
979,inside
980,hazard
981,disruption
982,australia's
983,www.abc.net.au
984,2020
985,02
986,26
987,construction
988,infrastructure
989,ahead
990,smelled
991,bs
992,phone
993,craig
994,nelson
995,alexander
996,claimed
997,applied
998,properties
999,concrete
1000,stage
1001,effect
1002,refusing
1003,hand
1004,fined
1005,dhhs
1006,clause
1007,claim
1008,naturally
1009,capacity
1010,pls
1011,push
1012,tired
1013,exhausting
1014,bike
1015,riders
1016,lock
1017,roads
1018,cared
1019,risking
1020,riding
1021,viewed
1022,dangerous
1023,comments
1024,perspective
1025,visiting
1026,explore
1027,extensively
1028,noticed
1029,lack
1030,personality
1031,taking
1032,uber
1033,soho
1034,picadilly
1035,drove
1036,valium
1037,moderate
1038,pace
1039,expression
1040,checked
1041,hotel
1042,romanian
1043,quick
1044,sociable
1045,driver
1046,dropped
1047,airport
1048,romania
1049,embraced
1050,traveled
1051,europe
1052,advanced
1053,sense
1054,lifestyle
1055,exception
1056,tend
1057,native
1058,brits
1059,average
1060,considered
1061,lady
1062,left
1063,english
1064,lacks
1065,theme
1066,fun
1067,judge
1068,sentencing
1069,america
1070,youtu.be
1071,applies
1072,entire
1073,glasgow
1074,outgoing
1075,permanent
1076,timer
1077,sector
1078,award
1079,2010
1080,usual
1081,workday
1082,queen's
1083,birthday
1084,holiday
1085,accrued
1086,annual
1087,boss
1088,web
1089,nasty
1090,cut
1091,yard
1092,ranger
1093,driveway
1094,parking
1095,spaces
1096,threatening
1097,cars
1098,close
1099,pull
1100,narrow
1101,mornings
1102,polite
1103,note
1104,anytime
1105,7
1106,driveways
1107,strip
1108,focusing
1109,ignoring
1110,disregarding
1111,restrictions
1112,due
1113,corona
1114,pandemic
1115,brave
1116,spoke
1117,government
1118,apocalyptic
1119,film
1120,survive
1121,preservation
1122,statistic
1123,preserving
1124,selfishness
1125,attractive
1126,companies
1127,basically
1128,charge
1129,1500
1130,internship
1131,guarantee
1132,finished
1133,share
1134,lastly
1135,session
1136,career
1137,counsellors
1138,alternatively
1139,ambitious
1140,lowest
1141,200
1142,holding
1143,hope
1144,location
1145,preferred
1146,context
1147,24
1148,graduated
1149,bachelor
1150,arts
1151,consultancy
1152,contracted
1153,feeling
1154,corporate
1155,directly
1156,sort
1157,tangible
1158,difference
1159,90
1160,uni
1161,path
1162,financially
1163,afloat
1164,savings
1165,saving
1166,form
1167,counselling
1168,offered
1169,client
1170,offers
1171,services
1172,employees
1173,cost
1174,doctor
1175,charges
1176,5000
1177,italian
1178,sisters
1179,twins
1180,speak
1181,learn
1182,bye
1183,september
1184,universities
1185,haha
1186,applications
1187,decision
1188,school
1189,started
1190,busy
1191,takes
1192,timeline
1193,sister
1194,november
1195,brains
1196,airbnb
1197,shoreditch
1198,camden
1199,leaning
1200,conscious
1201,neighborhoods
1202,letting
1203,profit
1204,organisation
1205,bird
1206,ticket
1207,prices
1208,impartial
1209,wait
1210,price
1211,website
1212,wilson's
1213,prom
1214,organise
1215,itinerary
1216,adventurous
1217,super
1218,hikes
1219,biking
1220,forests
1221,desert
1222,snorkeling
1223,swimming
1224,beaches
1225,waterfalls
1226,snorkelling
1227,goo.gl
1228,maps
1229,google
1230,map
1231,14
1232,hrs
1233,accurate
1234,driving
1235,safely
1236,condition
1237,drive
1238,motel
1239,cancel
1240,trip
1241,sell
1242,friday
1243,16th
1244,august
1245,17
1246,34
1247,lime
1248,euston
1249,selling
1250,12
1251,smithdown
1252,allerton
1253,penny
1254,lane
1255,centre
1256,expect
1257,hear
1258,sneak
1259,easter
1260,gatherings
1261,odds
1262,spike
1263,tighter
1264,pics
1265,stadiums
1266,stadium
1267,tram
1268,athol
1269,indoor
1270,tennis
1271,center
1272,gigs
1273,promote
1274,score
1275,tickets
1276,officers
1277,workers
1278,tents
1279,doorways
1280,simple
1281,victims
1282,lines
1283,waaaay
1284,reasons
1285,wrong
1286,bunk
1287,beds
1288,doorway
1289,empty
1290,warm
1291,ish
1292,bed
1293,central
1294,homeless
1295,worker
1296,posted
1297,slide
1298,streets
1299,genuinely
1300,surf
1301,couches
1302,shelters
1303,sleep
1304,invisible
1305,choice
1306,sound
1307,insensitive
1308,supportive
1309,society
1310,mental
1311,health
1312,severe
1313,provided
1314,care
1315,queues
1316,accommodation
1317,prisons
1318,majority
1319,social
1320,underfunded
1321,reddit
1322,bubbles
1323,beggars
1324,beg
1325,wealthy
1326,mentioned
1327,human
1328,trafficking
1329,purely
1330,organised
1331,solve
1332,eventually
1333,forgotten
1334,circumstances
1335,policies
1336,designed
1337,combat
1338,homelessness
1339,forget
1340,relative
1341,permanently
1342,tent
1343,public's
1344,perception
1345,singular
1346,backlash
1347,enforcement
1348,law
1349,realised
1350,nuanced
1351,understanding
1352,idiot
1353,guide
1354,quality
1355,involved
1356,walking
1357,reference
1358,standard
1359,student
1360,4th
1361,final
1362,tv
1363,spent
1364,15
1365,mins
1366,pc
1367,mouse
1368,whit
1369,famous
1370,shops
1371,recommend
1372,village
1373,keilor
1374,fwy
1375,ages
1376,hats
1377,laird
1378,grey
1379,bros
1380,bates
1381,burgundy
1382,cool
1383,pretentious
1384,depend
1385,oz
1386,opinion
1387,ladies
1388,outdoor
1389,bodybuilding
1390,fitness
1391,sensation
1392,digital
1393,marketing
1394,skills
1395,importantly
1396,motivate
1397,motivated
1398,pushing
1399,key
1400,atleast
1401,workouts
1402,routines
1403,muscle
1404,swiss
1405,cottage
1406,pharmacies
1407,pick
1408,medication
1409,unknown
1410,closing
1411,times
1412,pharmacy
1413,light
1414,headed
1415,dumbfounded
1416,grossly
1417,negligent
1418,chap
1419,wisdom
1420,lived
1421,visa
1422,girlfriend
1423,tale
1424,shave
1425,returned
1426,apply
1427,chemical
1428,engineering
1429,master's
1430,degree
1431,sponsorship
1432,skilled
1433,aus
1434,de
1435,facto
1436,slight
1437,processed
1438,sooner
1439,return
1440,quicker
1441,similar
1442,astor
1443,theatre
1444,beer
1445,pizza
1446,80s
1447,disagreed
1448,speeding
1449,fundraising
1450,appeal
1451,60
1452,zone
1453,literally
1454,son
1455,breathe
1456,blue
1457,hospital
1458,emergency
1459,justification
1460,bloody
1461,letter
1462,doc
1463,gps
1464,log
1465,stupid
1466,fighting
1467,surfing
1468,allowed
1469,count
1470,activity
1471,deemed
1472,strain
1473,system
1474,date
1475,traffic
1476,vicroads
1477,traffic.vicroads.vic.gov.au
1478,metro
1479,trains
1480,www.metrotrains.com.au
1481,twitter
1482,twitter.com
1483,metrotrains
1484,lang
1485,en
1486,yarra
1487,trams
1488,yarratrams.com.au
1489,computer
1490,yarratrams
1491,bus
1492,transdev
1493,www.transdevmelbourne.com.au
1494,updates
1495,transdev_melb
1496,regional
1497,vline
1498,www.vline.com.au
1499,network
1500,disruptions
1501,ptv
1502,www.ptv.vic.gov.au
1503,ptv_official
1504,ref_src
1505,twsrc
1506,5egoogle
1507,7ctwcamp
1508,5eserp
1509,7ctwgr
1510,5eauthor
1511,101
1512,basics
1513,reddit_101
1514,howdy
1515,pixel
1516,repair
1517,telstra
1518,refused
1519,fix
1520,3rd
1521,party
1522,repaired
1523,mixed
1524,covid19
1525,maximum
1526,passenger
1527,limit
1528,distanced
1529,household
1530,tyia
1531,june
1532,loan
1533,owners
1534,simply
1535,ring
1536,attached
1537,collar
1538,dog
1539,pass
1540,pet
1541,obsessed
1542,funny
1543,proposal
1544,drill
1545,compensate
1546,doggy
1547,treats
1548,donation
1549,rescue
1550,future
1551,heard
1552,fireworks
1553,wake
1554,07
1555,minimum
1556,bombard
1557,useless
1558,celebrating
1559,biological
1560,attack
1561,epidemic
1562,deadly
1563,absolutely
1564,ruin
1565,civil
1566,wars
1567,waking
1568,constant
1569,noise
1570,pollution
1571,abandon
1572,cycling
1573,common
1574,distances
1575,memes
1576,including
1577,buying
1578,stuff
1579,explain
1580,setup
1581,owned
1582,supplies
1583,eastern
1584,researching
1585,switch
1586,delivery
1587,journeys
1588,unsustainable
1589,choices
1590,motorcycles
1591,mopeds
1592,bicycles
1593,spare
1594,fill
1595,survey
1596,www.surveymonkey.co.uk
1597,mode
1598,deliveries
1599,choose
1600,incentives
1601,ireland
1602,lives
1603,voucher
1604,tattoo
1605,globe
1606,thanking
1607,lengthy
1608,comment
1609,absolute
1610,entry
1611,jobs
1612,discussing
1613,crosspost
1614,damn
1615,impossible
1616,schedule
1617,qualified
1618,applying
1619,2017
1620,resumes
1621,linked
1622,responses
1623,positive
1624,trial
1625,shift
1626,casual
1627,alright
1628,poor
1629,boi
1630,textbooks
1631,whatnot
1632,pursue
1633,listening
1634,95
1635,obscene
1636,demands
1637,prior
1638,positions
1639,i.redd.it
1640,ability
1641,ridiculous
1642,demand
1643,seekers
1644,students
1645,bother
1646,latte
1647,vincent
1648,gogh
1649,hack
1650,god
1651,forbid
1652,perfect
1653,genetic
1654,freak
1655,physically
1656,mentally
1657,fat
1658,af
1659,autism
1660,spectrum
1661,dealing
1662,accompanying
1663,depression
1664,anxiety
1665,wave
1666,challenges
1667,barriers
1668,terms
1669,gaining
1670,employment
1671,centrelink
1672,affect
1673,luckily
1674,managed
1675,takeaway
1676,suited
1677,intense
1678,hectic
1679,fast
1680,paced
1681,customer
1682,hired
1683,apparent
1684,illnesses
1685,disabilities
1686,quirks
1687,fit
1688,retail
1689,hospitality
1690,soccer
1691,scout
1692,united
1693,studying
1694,potential
1695,targets
1696,overseas
1697,compiling
1698,stats
1699,figures
1700,obsession
1701,topics
1702,voice
1703,commentary
1704,inexperience
1705,aim
1706,stuck
1707,300
1708,fortnight
1709,youth
1710,allowance
1711,laptop
1712,purchased
1713,mum
1714,crippling
1715,hip
1716,injury
1717,reckons
1718,barely
1719,chores
1720,errands
1721,kicked
1722,paid
1723,helped
1724,topped
1725,metrocard
1726,meant
1727,game
1728,equipment
1729,lessons
1730,meaning
1731,incredibly
1732,touch
1733,negative
1734,stopping
1735,employed
1736,bullshit
1737,manager
1738,provider
1739,pisses
1740,employers
1741,immensely
1742,politicians
1743,mainstream
1744,outlets
1745,mock
1746,entitled
1747,dole
1748,rigged
1749,intentionally
1750,enter
1751,workforce
1752,destitute
1753,dependant
1754,dads
1755,commitments
1756,employer
1757,image
1758,chapel
1759,reading
1760,struggles
1761,interaction
1762,hit
1763,sydneysiders
1764,lifeline
1765,fair
1766,knox
1767,grammar
1768,runs
1769,thursday
1770,sunday
1771,books
1772,arrive
1773,9am
1774,chill
1775,bring
1776,reusable
1777,cardboard
1778,boxes
1779,purchases
1780,blind
1781,wahroonga
1782,gamble
1783,stock
1784,excessive
1785,talk
1786,dumped
1787,parents
1788,queensland
1789,spontaneous
1790,joking
1791,fucked
1792,listings
1793,focus
1794,underground
1795,experiences
1796,features
1797,lesser
1798,exhibitions
1799,kill
1800,cat
1801,possum
1802,injured
1803,internal
1804,organs
1805,scientist
1806,breathing
1807,heavily
1808,shock
1809,dying
1810,wires
1811,outs
1812,type
1813,comfortable
1814,offer
1815,482
1816,seeking
1817,medibank
1818,bupa
1819,answers
1820,experiencing
1821,backyard
1822,unique
1823,examples
1824,rad
1825,jumping
1826,waterfall
1827,hell
1828,topic
1829,bulk
1830,billing
1831,ultrasound
1832,covered
1833,pregnancy
1834,vague
1835,medicare
1836,unhelpful
1837,hung
1838,mid
1839,confused
1840,browsing
1841,zoopla
1842,apartments
1843,potentially
1844,contact
1845,neighborhood
1846,agent
1847,helps
1848,deal
1849,landlords
1850,guidance
1851,background
1852,grew
1853,holidays
1854,university
1855,single
1856,ill
1857,education
1858,crash
1859,placement
1860,banks
1861,earning
1862,55k
1863,life's
1864,dad
1865,diagnosed
1866,cancer
1867,cliff
1868,exams
1869,dispersed
1870,haste
1871,financial
1872,brokerage
1873,30k
1874,25k
1875,previous
1876,role
1877,28
1878,desk
1879,6.30
1880,markets
1881,150
1882,essex
1883,shouting
1884,screaming
1885,junior
1886,responsible
1887,booking
1888,million
1889,dollar
1890,grabbing
1891,lunch
1892,team
1893,resign
1894,beating
1895,relying
1896,alcohol
1897,means
1898,cope
1899,borderline
1900,suicidal
1901,occasion
1902,b2b
1903,sales
1904,gig
1905,aged
1906,2x
1907,enrol
1908,graduate
1909,scheme
1910,shame
1911,exposure
1912,initially
1913,result
1914,deciding
1915,stressful
1916,spending
1917,sitting
1918,snippet
1919,extremely
1920,achieve
1921,surrounded
1922,gained
1923,coming
1924,wider
1925,realisation
1926,rat
1927,race
1928,office
1929,staring
1930,screen
1931,finance
1932,weekends
1933,guilt
1934,wasted
1935,remarkable
1936,stare
1937,screens
1938,commute
1939,function
1940,ii
1941,depressed
1942,novelty
1943,wore
1944,account
1945,throwing
1946,comparing
1947,professionals
1948,sacrifices
1949,backup
1950,failed
1951,project
1952,crack
1953,careers
1954,follow
1955,success
1956,realise
1957,whilst
1958,capable
1959,trading
1960,ladder
1961,35
1962,earn
1963,invest
1964,comparatively
1965,20k
1966,totally
1967,disillusioned
1968,adapt
1969,mad
1970,hate
1971,pup
1972,chewed
1973,replace
1974,tradie
1975,teach
1976,install
1977,incase
1978,decides
1979,chew
1980,glen
1981,huntly
1982,hearing
1983,sized
1984,pool
1985,tables
1986,fussy
1987,searching
1988,licensed
1989,gonna
1990,phantom
1991,opera
1992,les
1993,nights
1994,walks
1995,40
1996,occasionally
1997,happy
1998,ease
1999,hassles
2000,1am
2001,bizarre
2002,easy
2003,actual
2004,spotted
2005,3am
2006,picnics
2007,marr
2008,midnight
2009,weekdays
2010,wonderful
2011,educating
2012,kids
2013,regrets
2014,scars
2015,promise
2016,families
2017,brought
2018,tears
2019,classrooms
2020,exposed
2021,soup
2022,kitchens
2023,outreach
2024,projects
2025,curriculum
2026,tough
2027,educate
2028,values
2029,drivers
2030,lanes
2031,metres
2032,vehicle
2033,space
2034,www.vicroads.vic.gov.au
2035,safety
2036,cyclist
2037,sharing
2038,text
2039,rage
2040,entered
2041,insisted
2042,attempting
2043,meth
2044,spit
2045,discord.gg
2046,platforms
2047,schools
2048,server
2049,beneficial
2050,created
2051,hopes
2052,uncertain
2053,prominent
2054,communication
2055,45
2056,joined
2057,subject
2058,dedicated
2059,channel
2060,friendly
2061,environment
2062,askreddit
2063,happen
2064,legal
2065,pr
2066,disaster
2067,2013
2068,enjoyed
2069,discussed
2070,photos
2071,marks
2072,anniversary
2073,beautiful
2074,fell
2075,sight
2076,loved
2077,specially
2078,tropical
2079,harbour
2080,supposed
2081,expires
2082,happened
2083,blm
2084,wholly
2085,racism
2086,emotionally
2087,objective
2088,imo
2089,worst
2090,aspects
2091,politics
2092,mention
2093,movement
2094,pointless
2095,yeah
2096,agrees
2097,blacks
2098,treated
2099,expecting
2100,violent
2101,uneducated
2102,stigma
2103,earth
2104,protesting
2105,people's
2106,feelings
2107,control
2108,aware
2109,specifically
2110,discriminate
2111,protest
2112,policy
2113,cannabis
2114,search
2115,pinned
2116,protests
2117,highly
2118,doubt
2119,meaningful
2120,raise
2121,awareness
2122,whites
2123,treat
2124,worse
2125,worried
2126,pop
2127,interviewed
2128,journalist
2129,sat
2130,crying
2131,starving
2132,death
2133,shitting
2134,plastic
2135,round
2136,m25
2137,darren
2138,gee
2139,podcasts
2140,shed
2141,underworld
2142,90s
2143,2000s
2144,missus
2145,kinda
2146,tight
2147,assign
2148,tradition
2149,multiple
2150,occasions
2151,mentioning
2152,watermelon
2153,cake
2154,confirm
2155,originated
2156,png
2157,missed
2158,execute
2159,alternative
2160,bridges
2161,ferry
2162,30km
2163,challenge
2164,tour
2165,written
2166,medium.com
2167,ferries
2168,queries
2169,2.80
2170,dash
2171,cam
2172,ute
2173,harassing
2174,figured
2175,copy
2176,vid
2177,hmu
2178,boyfriend
2179,midweek
2180,bday
2181,wine
2182,amazing
2183,national
2184,yorke
2185,peninsula
2186,accomodation
2187,victor
2188,goolwa
2189,winery
2190,mclaren
2191,interstate
2192,hobart
2193,gold
2194,coast
2195,overnight
2196,barossa
2197,ranges
2198,hiking
2199,39
2200,degrees
2201,glenelg
2202,semaphore
2203,cage
2204,shark
2205,diving
2206,eyre
2207,pricey
2208,kangaroo
2209,island
2210,spoken
2211,wasnt
2212,western
2213,worlds
2214,expensive
2215,kilometre
2216,240
2217,photo
2218,booths
2219,instant
2220,vaguely
2221,castle
2222,towers
2223,intrigued
2224,flying
2225,luton
2226,stansted
2227,informed
2228,refundable
2229,direct
2230,message
2231,email
2232,52
2233,announced
2234,hamlets
2235,dense
2236,parks
2237,fields
2238,mile
2239,canal
2240,distancing
2241,force
2242,mix
2243,motor
2244,lunchtime
2245,distance
2246,couples
2247,pile
2248,fresh
2249,flouting
2250,harm
2251,types
2252,warehouse
2253,industrial
2254,workshop
2255,wood
2256,fixing
2257,utilities
2258,essential
2259,psychologist
2260,irregular
2261,appointments
2262,securing
2263,appointment
2264,leads
2265,foldable
2266,hotels
2267,piccadilly
2268,stores
2269,exist
2270,prime
2271,membership
2272,amazon
2273,lockers
2274,delivered
2275,convenience
2276,involves
2277,wheat
2278,mud
2279,hail
2280,marys
2281,normal
2282,that'll
2283,torture
2284,boys
2285,girls
2286,fella
2287,bite
2288,bullet
2289,bypass
2290,sincere
2291,apologies
2292,guitar
2293,song
2294,january
2295,peeps
2296,gather
2297,experts
2298,advices
2299,banking
2300,reporting
2301,credit
2302,analyst
2303,suits
2304,analysis
2305,macro
2306,businesses
2307,unlike
2308,analytics
2309,approvals
2310,requirement
2311,involvement
2312,tie
2313,performances
2314,experienced
2315,weave
2316,hunting
2317,relevant
2318,grad
2319,accounting
2320,trained
2321,certification
2322,york
2323,institute
2324,suffice
2325,albeit
2326,advancing
2327,00
2328,arrived
2329,delays
2330,truck
2331,hitting
2332,scared
2333,healthcare
2334,receive
2335,worry
2336,stayed
2337,gp
2338,insurance
2339,click
2340,dating
2341,apps
2342,recommended
2343,serendip.co
2344,connects
2345,match
2346,running
2347,sex
2348,upvoted
2349,truth
2350,strong
2351,connections
2352,crucial
2353,happiness
2354,500
2355,qantas
2356,honour
2357,airside
2358,female
2359,nada
2360,m1
2361,halt
2362,cop
2363,stationary
2364,shoulder
2365,undoubtedly
2366,witnessed
2367,rear
2368,slam
2369,brakes
2370,dropping
2371,realistically
2372,signs
2373,parade
2374,wanna
2375,overwhelmingly
2376,bushfires
2377,donations
2378,australians
2379,genuine
2380,industry
2381,iconic
2382,clearing
2383,donated
2384,items
2385,courier
2386,distribute
2387,effected
2388,rivers
2389,item
2390,donate
2391,donating
2392,unwanted
2393,exploiting
2394,playing
2395,forward
2396,views
2397,bar
2398,walked
2399,glass
2400,wash
2401,girl
2402,talked
2403,sorting
2404,glasses
2405,stopped
2406,smiling
2407,looked
2408,plates
2409,arm
2410,shirts
2411,underneath
2412,buttoned
2413,shirt
2414,stick
2415,skinny
2416,idk
2417,table
2418,wrap
2419,cutlery
2420,stood
2421,front
2422,cabinet
2423,hands
2424,hips
2425,tilting
2426,wrapping
2427,sweat
2428,graham
2429,held
2430,arms
2431,hug
2432,smiled
2433,wtf
2434,sad
2435,staff
2436,coat
2437,scarf
2438,standing
2439,laughed
2440,loud
2441,6ft
2442,tall
2443,thin
2444,lanky
2445,tbh
2446,ig
2447,likes
2448,dudes
2449,bulky
2450,buyer
2451,originally
2452,seasoned
2453,perfectly
2454,remove
2455,seasoning
2456,tools
2457,usable
2458,elbow
2459,grease
2460,pan
2461,dish
2462,straight
2463,iron
2464,enamel
2465,sainsbury's
2466,i.imgur.com
2467,wilsons
2468,observing
2469,mound
2470,appreciating
2471,beauty
2472,mass
2473,trimmed
2474,consume
2475,intervention
2476,discovered
2477,meeting
2478,basis
2479,proving
2480,suggest
2481,activities
2482,easier
2483,direction
2484,halfway
2485,crossing
2486,clock
2487,plate
2488,healthy
2489,delicious
2490,low
2491,carb
2492,japanese
2493,sushi
2494,rolls
2495,salads
2496,drowning
2497,oil
2498,wikipedia
2499,word
2500,scouse
2501,shortened
2502,origin
2503,norwegian
2504,swedish
2505,danish
2506,german
2507,refers
2508,stew
2509,commonly
2510,eaten
2511,19th
2512,century
2513,poorer
2514,birkenhead
2515,wallasey
2516,outsiders
2517,tended
2518,scousers
2519,lancashire
2520,dialect
2521,folklore
2522,alan
2523,nationwide
2524,popularity
2525,bbc
2526,1975
2527,liverpudlian
2528,socialist
2529,cockney
2530,conservative
2531,regular
2532,write
2533,neighbor
2534,voices
2535,ultimately
2536,prints
2537,fence
2538,extended
2539,appears
2540,reached
2541,attended
2542,confirmed
2543,homes
2544,garage
2545,roof
2546,footprints
2547,generic
2548,locked
2549,sensor
2550,valuables
2551,tons
2552,fruits
2553,vegetables
2554,lemons
2555,mandarins
2556,herbs
2557,fruit
2558,accept
2559,produce
2560,watched
2561,fascinating
2562,documentary
2563,hosting
2564,oriented
2565,research
2566,sounds
2567,invited
2568,invite
2569,lowly
2570,traveling
2571,father
2572,lifelong
2573,british
2574,enthusiast
2575,birthdays
2576,70th
2577,40th
2578,incredible
2579,honor
2580,excitement
2581,pipe
2582,dream
2583,melbourne's
2584,favourite
2585,suburb
2586,shine
2587,locals
2588,preferences
2589,polls
2590,vote
2591,poll
2592,results
2593,hawthorn
2594,digit
2595,laverton
2596,lower
2597,scoring
2598,138
2599,voted
2600,yesterday
2601,include
2602,split
2603,richmond
2604,210
2605,sandringham
2606,157
2607,footscray
2608,140
2609,moonee
2610,ponds
2611,125
2612,yarraville
2613,51
2614,brighton
2615,31
2616,toorak
2617,25
2618,altona
2619,ivanhoe
2620,64
2621,essendon
2622,57
2623,waverly
2624,53
2625,cook
2626,18
2627,preston
2628,102
2629,burwood
2630,69
2631,frankston
2632,59
2633,moorabin
2634,42
2635,williamstown
2636,44
2637,kilda
2638,kew
2639,coburg
2640,northcote
2641,152
2642,port
2643,seaford
2644,werribee
2645,clifton
2646,maribyrnong
2647,balwyn
2648,47
2649,boronia
2650,23
2651,brunswick
2652,197
2653,112
2654,elsternwick
2655,tarneit
2656,fitzroy
2657,clayton
2658,collingwood
2659,warrandyte
2660,sunshine
2661,dandenong
2662,blackburn
2663,seddon
2664,box
2665,thornbury
2666,ferntree
2667,gully
2668,reservoir
2669,iris
2670,doncaster
2671,carlton
2672,cranbourne
2673,heidelberg
2674,broad
2675,meadows
2676,ascot
2677,pascoe
2678,prahran
2679,malvern
2680,bundoora
2681,rowville
2682,hoppers
2683,bentleigh
2684,winners
2685,view
2686,honestly
2687,ealing
2688,department
2689,inquiry
2690,unnecessary
2691,mods
2692,belong
2693,short
2694,southeastern
2695,robe
2696,gambier
2697,nothing's
2698,stone
2699,towns
2700,kingston
2701,se
2702,destinations
2703,reasonable
2704,forms
2705,viewform
2706,usp
2707,sf
2708,_link
2709,sf_link
2710,في
2711,اليوم
2712,على
2713,sick
2714,cold
2715,symptoms
2716,tested
2717,locations
2718,www.sahealth.sa.gov.au
2719,wps
2720,wcm
2721,connect
2722,2019
2723,testing
2724,test
2725,thankyou
2726,nicola
2727,79
2728,recovered
2729,89
2730,icu
2731,critical
2732,stable
2733,0
2734,2000
2735,tests
2736,2.5
2737,population
2738,develop
2739,premier
2740,facility
2741,repatriation
2742,stranded
2743,organized
2744,az
2745,press
2746,displayed
2747,button
2748,mild
2749,ocd
2750,commuting
2751,respirator
2752,wear
2753,fits
2754,unusual
2755,structure
2756,sealed
2757,input
2758,sturt
2759,highway
2760,wagga
2761,assumption
2762,quieter
2763,sydneysider
2764,ff
2765,contract
2766,convenient
2767,promotions
2768,discounts
2769,promotional
2770,code
2771,fees
2772,weekly
2773,emailed
2774,carrier
2775,faxed
2776,words
2777,biggest
2778,secret
2779,arrange
2780,miss
2781,acts
2782,forum
2783,import
2784,toyota
2785,wagon
2786,queen
2787,strangers
2788,board
2789,stinks
2790,smell
2791,opal
2792,luggage
2793,stink
2794,spicy
2795,pepper
2796,sprayed
2797,chili
2798,everytime
2799,smelly
2800,shower
2801,spray
2802,deodorant
2803,jack
2804,housemate
2805,thick
2806,jamaican
2807,accent
2808,yo
2809,upstairs
2810,tha
2811,reply
2812,races
2813,investigate
2814,sigh
2815,relief
2816,laugh
2817,downstairs
2818,stands
2819,jumps
2820,naked
2821,optional
2822,depending
2823,appetite
2824,norway
2825,evil
2826,horror
2827,merch
2828,clothing
2829,dvds
2830,movies
2831,throw
2832,pints
2833,basketball
2834,courts
2835,parramatta
2836,lighting
2837,flood
2838,february
2839,dj
2840,deep
2841,tech
2842,techno
2843,diary
2844,clubs
2845,names
2846,obtain
2847,bailout
2848,mayor
2849,conditions
2850,tories
2851,ultimatum
2852,prepared
2853,win
2854,rush
2855,alarm
2856,meetings
2857,tasks
2858,karaoke
2859,escape
2860,vr
2861,trampoline
2862,climbing
2863,bowling
2864,tag
2865,arcade
2866,paintball
2867,haunted
2868,california
2869,hidden
2870,gems
2871,restaurants
2872,tourists
2873,phrase
2874,sensitive
2875,shopping
2876,quiet
2877,hills
2878,surprised
2879,opposed
2880,unexpected
2881,adults
2882,passing
2883,double
2884,checking
2885,triple
2886,middle
2887,woman
2888,stared
2889,confusion
2890,lifetime
2891,gender
2892,neighbouring
2893,strange
2894,chin
2895,bumped
2896,break
2897,react
2898,manner
2899,else's
2900,rare
2901,gf
2902,steps
2903,progress
2904,adventure
2905,beers
2906,marion
2907,nt
2908,connection
2909,46
2910,socialising
2911,valley
2912,mornington
2913,operators
2914,choosing
2915,sounded
2916,operator
2917,intresting
2918,womens
2919,dont
2920,sbs
2921,medium
2922,affected
2923,hackers
2924,details
2925,imposed
2926,sake
2927,whats
2928,benefit
2929,denial
2930,expert
2931,mcdonald's
2932,brings
2933,childhood
2934,memories
2935,friendlier
2936,chips
2937,burgers
2938,luck
2939,recognize
2940,chinese
2941,characters
2942,teaches
2943,forces
2944,consistent
2945,row
2946,acu
2947,ballarat
2948,stress
2949,sirens
2950,horn
2951,honking
2952,45am
2953,smart
2954,disturbance
2955,bound
2956,atm
2957,southbank
2958,wise
2959,favourites
2960,ceo
2961,review
2962,request
2963,create
2964,helpers
2965,resources
2966,logistics
2967,supporting
2968,solved
2969,exists
2970,efforts
2971,duplicate
2972,effort
2973,tim
2974,intervened
2975,www.bbc.co.uk
2976,surge
2977,strike
2978,xiaomi
2979,electronics
2980,serve
2981,halal
2982,kebab
2983,charcoal
2984,chicken
2985,joints
2986,dinner
2987,nurses
2988,georges
2989,asap
2990,teenagers
2991,jim
2992,heart
2993,wendy
2994,marker
2995,ruined
2996,pricks
2997,pristine
2998,vandalism
2999,youngsters
3000,interiors
3001,t1
3002,gaff
3003,clapham
3004,traction
3005,spareroom
3006,sites
3007,pages
3008,tricks
3009,crowd
3010,26f
3011,app
3012,fan
3013,organic
3014,electric
3015,heater
3016,heaters
3017,bill
3018,340
3019,discount
3020,geelong
3021,canadian
3022,insights
3023,corner
3024,gem
3025,yelp
3026,cozy
3027,buzzing
3028,beehive
3029,speed
3030,cameras
3031,fired
3032,ovens
3033,driven
3034,bugger
3035,assuming
3036,drop
3037,pricing
3038,rant
3039,legitimate
3040,m4
3041,penrith
3042,80
3043,km
3044,sections
3045,untouched
3046,residential
3047,decide
3048,blanket
3049,reduction
3050,controller
3051,postman
3052,desirable
3053,balance
3054,evening
3055,wedding
3056,photographer
3057,clients
3058,portrait
3059,shoot
3060,kcl
3061,spring
3062,jan
3063,jun
3064,science
3065,strand
3066,campus
3067,secure
3068,1200
3069,begin
3070,studies
3071,ldn
3072,craving
3073,homemade
3074,wraps
3075,joining
3076,host
3077,partner
3078,adl
3079,adelaidians
3080,mini
3081,29
3082,july
3083,fall
3084,hahndorf
3085,gawler
3086,surrounds
3087,lobethal
3088,relaxing
3089,massages
3090,scenery
3091,obvious
3092,bang
3093,visits
3094,tldr
3095,favorite
3096,brooklyn
3097,ny
3098,notting
3099,museum
3100,wallace
3101,collection
3102,gardens
3103,planned
3104,outdoors
3105,historical
3106,museums
3107,cheese
3108,bread
3109,forklift
3110,roadsafety.transport.nsw.gov.au
3111,ride
3112,dispatch
3113,mounted
3114,cradle
3115,mobile
3116,secured
3117,mounting
3118,obscure
3119,rule
3120,amp.smh.com.au
3121,workplace
3122,forced
3123,html
3124,woolworths
3125,witnesses
3126,cctv
3127,footage
3128,rooster
3129,brands
3130,newcastle
3131,frenchs
3132,forrest
3133,complaining
3134,aussie
3135,flawless
3136,hollywood
3137,penetrate
3138,election
3139,identity
3140,mirrors
3141,_to
3142,_sydney
3143,_and
3144,op
3145,reflected
3146,label
3147,racist
3148,notice
3149,fear
3150,language
3151,pitched
3152,harsh
3153,natural
3154,uluru
3155,aboriginal
3156,cultures
3157,embedded
3158,asset
3159,proximity
3160,asia
3161,china
3162,manages
3163,integrate
3164,asian
3165,christian
3166,anglo
3167,significant
3168,increasingly
3169,merits
3170,intelligence
3171,nerds
3172,bullied
3173,practice
3174,absent
3175,today's
3176,african
3177,upbringing
3178,integration
3179,inevitable
3180,humanity
3181,process
3182,americans
3183,worrying
3184,hispanic
3185,_you
3186,unemployment
3187,blames
3188,immigrants
3189,trump
3190,culprit
3191,automation
3192,economic
3193,prosperity
3194,cultural
3195,trend
3196,colour
3197,humans
3198,homo
3199,sapiens
3200,continent
3201,marble
3202,arch
3203,chancery
3204,wednesday
3205,approx
3206,dirty
3207,burger
3208,disgusted
3209,premium
3210,meat
3211,milkshake
3212,oyster
3213,singapore
3214,listed
3215,typically
3216,aimed
3217,rents
3218,lowered
3219,seal
3220,unwritten
3221,blog
3222,bush
3223,added
3224,changed
3225,assistance
3226,ses
3227,caring
3228,disabled
3229,persons
3230,divided
3231,trail
3232,elevation
3233,accessible
3234,printworks
3235,grime
3236,dnb
3237,www.instagram.com
3238,deliver
3239,veg
3240,frontline
3241,nhs
3242,funds
3243,limits
3244,dubbo
3245,save
3246,dabble
3247,photography
3248,canberra
3249,coastal
3250,fancy
3251,remote
3252,sticking
3253,stories
3254,ranging
3255,manipulative
3256,stranger
3257,stressed
3258,behaviour
3259,anonymously
3260,gmail.com
3261,unfortunate
3262,infuriating
3263,belfast
3264,9th
3265,burnley
3266,easiest
3267,outsider
3268,titanic
3269,coronavirus
3270,flatmate
3271,global
3272,chilling
3273,shared
3274,angry
3275,upset
3276,brown
3277,leather
3278,patch
3279,handed
3280,boarded
3281,russian
3282,scotland
3283,bulgaria
3284,released
3285,eleven
3286,lengths
3287,dark
3288,grim
3289,humor
3290,titles
3291,suicide
3292,knife
3293,teddy
3294,bear
3295,readers
3296,germans
3297,wrote
3298,representatives
3299,argue
3300,gloomy
3301,separately
3302,soul
3303,respond
3304,dm
3305,_a
3306,repost
3307,original
3308,1997
3309,chatswood
3310,alive
3311,alt
3312,dressed
3313,1440
3314,gif
3315,tooth
3316,aches
3317,practical
3318,paying
3319,outright
3320,dental
3321,cover
3322,basic
3323,extras
3324,1.5k
3325,anticipate
3326,ambulance
3327,surgeries
3328,adult
3329,gatwick
3330,u.s
3331,troubled
3332,writer
3333,consulting
3334,author
3335,questioning
3336,usage
3337,lists
3338,slang
3339,authentic
3340,policeman
3341,taxi
3342,cab
3343,minor
3344,curse
3345,mother
3346,production
3347,studios
3348,concert
3349,physio
3350,specialises
3351,contacted
3352,clinic
3353,injuries
3354,badly
3355,jeans
3356,trousers
3357,germany
3358,frequently
3359,sold
3360,countries
3361,stumbled
3362,radio
3363,cd
3364,apple
3365,android
3366,reviews
3367,soooooo
3368,sony
3369,accessories
3370,guides
3371,complicated
3372,mechanic
3373,store
3374,keyword
3375,250
3376,forking
3377,quotes
3378,cheapest
3379,quoted
3380,750
3381,broke
3382,silver
3383,sport
3384,wembley
3385,carrying
3386,behaviours
3387,questionnaire
3388,complete
3389,forms.gle
3390,announcements
3391,minister
3392,measures
3393,virus
3394,uts
3395,infection
3396,remains
3397,chief
3398,officer
3399,transitioning
3400,initiatives
3401,reducing
3402,interactions
3403,government's
3404,protecting
3405,actions
3406,protect
3407,outlined
3408,undertaking
3409,progressively
3410,implemented
3411,communications
3412,pause
3413,coursework
3414,teaching
3415,lectures
3416,tutorials
3417,lab
3418,march
3419,enable
3420,redesign
3421,resume
3422,progressive
3423,implementation
3424,calendar
3425,emphasise
3426,remainder
3427,relation
3428,cancelling
3429,feasible
3430,accelerating
3431,plans
3432,elevated
3433,hygiene
3434,remain
3435,postponed
3436,occur
3437,arrangements
3438,defer
3439,scheduled
3440,autumn
3441,excluding
3442,graduation
3443,ceremonies
3444,celebrations
3445,societies
3446,likewise
3447,encouraged
3448,postpone
3449,deputy
3450,vice
3451,chancellor
3452,professor
3453,shirley
3454,commenced
3455,practices
3456,accelerate
3457,provision
3458,assessments
3459,taught
3460,programs
3461,remotely
3462,advised
3463,continuing
3464,utilise
3465,physical
3466,environments
3467,increased
3468,step
3469,implementing
3470,prudent
3471,behalf
3472,internationally
3473,faculty
3474,levels
3475,cleaning
3476,unwell
3477,coughing
3478,facilities
3479,proud
3480,challenging
3481,president
3482,sausages
3483,majoring
3484,software
3485,development
3486,swinburne
3487,deakin
3488,units
3489,diploma
3490,hecs
3491,loans
3492,monash
3493,requirements
3494,atar
3495,applicants
3496,steer
3497,confusing
3498,operational
3499,received
3500,assume
3501,goats
3502,clay
3503,pots
3504,myki
3505,machines
3506,reported
3507,ao
3508,invalid
3509,screenshot
3510,topping
3511,min
3512,catching
3513,venues
3514,warning
3515,brisbane
3516,desktop
3517,shipped
3518,presuming
3519,massive
3520,waste
3521,ads
3522,thrown
3523,explains
3524,flat
3525,dealt
3526,arrangement
3527,piss
3528,folks
3529,tally
3530,ho
3531,gals
3532,pl
3533,fantasy
3534,football
3535,league
3536,hurt
3537,iv
3538,speaking
3539,snakes
3540,conversation
3541,exaggeration
3542,reality
3543,encounter
3544,documentaries
3545,spider
3546,nail
3547,thumb
3548,giant
3549,manage
3550,jess
3551,racecourse
3552,8.30pm
3553,wife
3554,130
3555,sends
3556,joke
3557,confirmation
3558,piece
3559,required
3560,gift
3561,assure
3562,complacent
3563,total
3564,420
3565,sahealth
3566,dashboard
3567,www.sa.gov.au
3568,tracker
3569,covidlive.com.au
3570,livestream
3571,kinds
3572,passion
3573,vlog
3574,fish
3575,cinema
3576,focuses
3577,films
3578,foreign
3579,cinemas
3580,primarily
3581,hiya
3582,dozen
3583,2001
3584,frequented
3585,chelsea
3586,covent
3587,greenwich
3588,6th
3589,brick
3590,borough
3591,pubs
3592,proper
3593,shady
3594,dive
3595,notable
3596,nightlife
3597,whitechapel
3598,peak
3599,contactless
3600,payments
3601,knowing
3602,compare
3603,commit
3604,welfare
3605,mentality
3606,lining
3607,voter
3608,base
3609,suddenly
3610,mortgage
3611,groceries
3612,attitudes
3613,mumbai
3614,debt
3615,fuel
3616,recovery
3617,bailing
3618,centuries
3619,decades
3620,ink
3621,greece
3622,italy
3623,spain
3624,modern
3625,federal
3626,candidate
3627,keating
3628,hawke
3629,toe
3630,plot
3631,prick
3632,steal
3633,stocking
3634,canned
3635,rounds
3636,built
3637,lie
3638,sustained
3639,creek
3640,broken
3641,cream
3642,bringing
3643,y.o
3644,mom
3645,flower
3646,nightly
3647,premiere
3648,inn
3649,pt
3650,tapped
3651,deducted
3652,fare
3653,charged
3654,error
3655,missing
3656,halton
3657,curve
3658,reminder
3659,hyde
3660,muster
3661,archibald
3662,fountain
3663,11am
3664,unions
3665,marching
3666,mine
3667,colleagues
3668,layover
3669,transferring
3670,unconventional
3671,gaming
3672,ea
3673,candid
3674,fiance
3675,harbor
3676,17th
3677,18th
3678,sefton
3679,phones
3680,cos
3681,quizzes
3682,involve
3683,teams
3684,picked
3685,submit
3686,zoom
3687,overrun
3688,rentals
3689,advise
3690,india
3691,reckon
3692,chocolates
3693,nuts
3694,reccomendations
3695,novice
3696,speaker
3697,improve
3698,functional
3699,intermediate
3700,overwhelmed
3701,slick
3702,esl
3703,devastated
3704,lite
3705,spanning
3706,tfl
3707,filled
3708,avail
3709,imgur.com
3710,shell
3711,mod
3712,pokemon
3713,white
3714,sticker
3715,lid
3716,diamond
3717,cartridges
3718,valuable
3719,games
3720,hundreds
3721,combined
3722,chunk
3723,teenage
3724,crushed
3725,disposable
3726,income
3727,monetary
3728,canary
3729,wharf
3730,farm
3731,isle
3732,emirates
3733,passed
3734,excel
3735,leicester
3736,king's
3737,spam
3738,nb
3739,centric
3740,branches
3741,weighted
3742,ups
3743,championships
3744,disclosure
3745,weight
3746,class
3747,completing
3748,additional
3749,competitors
3750,finnish
3751,competitor
3752,competition
3753,minded
3754,dips
3755,compete
3756,informally
3757,training
3758,sessions
3759,availability
3760,monthly
3761,steel
3762,warriors
3763,belts
3764,calisthenics
3765,partial
3766,pint
3767,competitions
3768,annually
3769,semi
3770,dependent
3771,quid
3772,fee
3773,filmed
3774,trophies
3775,workout
3776,federation
3777,represent
3778,britain
3779,awesome
3780,reps
3781,crossfit
3782,strict
3783,category
3784,nerd
3785,championship
3786,acquaintance
3787,explaining
3788,desperate
3789,electricity
3790,govt
3791,claims
3792,frankly
3793,suspicious
3794,deliveroo
3795,meals
3796,someone's
3797,uncle
3798,addict
3799,addiction
3800,scenes
3801,operation
3802,underway
3803,vicinity
3804,urging
3805,reports
3806,contacting
3807,bunnings
3808,sausage
3809,sizzle
3810,p1
3811,expire
3812,upgrade
3813,p2
3814,melbournes
3815,nurse
3816,concession
3817,caution
3818,mailed
3819,prematurely
3820,unclear
3821,copped
3822,valid
3823,forever
3824,induced
3825,shotgun
3826,bakery
3827,cakes
3828,engineer
3829,glowing
3830,analyse
3831,panels
3832,installed
3833,generate
3834,disconnected
3835,rep
3836,bondi
3837,icebergs
3838,repairs
3839,premises
3840,phase
3841,mens
3842,bathroom
3843,upgraded
3844,café
3845,sauna
3846,switched
3847,bigger
3848,marginally
3849,existing
3850,keg
3851,storage
3852,closet
3853,operate
3854,crown
3855,administered
3856,baths
3857,reserve
3858,trust
3859,report
3860,admission
3861,existence
3862,upgrades
3863,improvement
3864,changing
3865,entrance
3866,lifeguard
3867,larger
3868,walkway
3869,extension
3870,slate
3871,melting
3872,pot
3873,swimmers
3874,visitors
3875,interact
3876,chose
3877,utility
3878,directions
3879,earlier
3880,announcement
3881,ancient
3882,stretching
3883,destroyed
3884,andrews
3885,treaty
3886,flush
3887,remaining
3888,protestors
3889,camps
3890,sacred
3891,birthing
3892,trees
3893,fight
3894,renewed
3895,listing
3896,roommate
3897,messages
3898,10th
3899,intention
3900,legally
3901,obliged
3902,ignore
3903,obligations
3904,signed
3905,renew
3906,foreseeable
3907,replacement
3908,ideal
3909,paint
3910,picture
3911,heritage
3912,church
3913,lied
3914,convey
3915,shifty
3916,illegal
3917,scanned
3918,copies
3919,application
3920,girl's
3921,driver's
3922,mother's
3923,responding
3924,attempts
3925,instance
3926,writing
3927,rights
3928,burden
3929,liquid
3930,dyes
3931,dye
3932,gels
3933,reach
3934,signing
3935,bloke
3936,banter
3937,file
3938,overheard
3939,videographer
3940,nighttime
3941,shots
3942,montage
3943,filter
3944,faff
3945,rails
3946,en.wikipedia.org
3947,2021
3948,siblings
3949,partners
3950,drinking
3951,willunga
3952,accommodate
3953,guests
3954,tia
3955,wipe
3956,print
3957,fringe
3958,solo
3959,broadcast
3960,bleak
3961,silly
3962,alley
3963,15th
3964,holden
3965,theatres
3966,adelaidefringe.com.au
3967,fringetix
3968,shoe
3969,throwaway
3970,friend's
3971,pair
3972,lame
3973,brother
3974,abandoned
3975,hillside
3976,cabs
3977,release
3978,ola
3979,offering
3980,rides
3981,bolt
3982,gb
3983,kapten
3984,quit
3985,unrelated
3986,mon
3987,fri
3988,5pm
3989,idle
3990,fulfilling
3991,graphic
3992,design
3993,enjoys
3994,philosophy
3995,courses
3996,ux
3997,freelance
3998,solitary
3999,hesitate
4000,punks
4001,intel
4002,stake
4003,cunts
4004,nicked
4005,wee
4006,grab
4007,eco
4008,victory
4009,thieves
4010,ball
4011,attend
4012,event
4013,tesco
4014,baltic
4015,triangle
4016,directed
4017,perth
4018,seller
4019,tony
4020,enterprise
4021,bonnet
4022,bay
4023,shire
4024,supermarket
4025,meats
4026,powerlifting
4027,sprinting
4028,wellbeing
4029,newbie
4030,shining
4031,islamic
4032,islam
4033,element
4034,agreed
4035,golf
4036,dulwich
4037,sydenham
4038,watering
4039,inexpensive
4040,family's
4041,handing
4042,flyers
4043,meal
4044,efficient
4045,skincare
4046,reputation
4047,forehead
4048,selection
4049,specs
4050,armed
4051,painting
4052,stereotypical
4053,skyline
4054,customs
4055,security
4056,method
4057,pulled
4058,bottom
4059,declare
4060,900
4061,occurrence
4062,smooth
4063,arranged
4064,twickenham
4065,horribly
4066,afternoon
4067,claiming
4068,designer
4069,milan
4070,knock
4071,jackets
4072,lucky
4073,160
4074,googled
4075,brand
4076,www.theleader.com.au
4077,warned
4078,fake
4079,jacket
4080,scam
4081,warn
4082,article
4083,district
4084,westbound
4085,barking
4086,ham
4087,annoying
4088,spooky
4089,printed
4090,begging
4091,dodgy
4092,pocket
4093,tissues
4094,vacant
4095,seats
4096,guessing
4097,circles
4098,carriages
4099,overground
4100,tattoos
4101,nowadays
4102,sleeve
4103,bits
4104,pieces
4105,workwear
4106,contrary
4107,clinical
4108,understandable
4109,everybody's
4110,melburnians
4111,01
4112,proposes
4113,crackdown
4114,detail
4115,rise
4116,density
4117,constructed
4118,twenty
4119,equivalent
4120,plague
4121,vaccine
4122,horrible
4123,disease
4124,treatment
4125,www.smh.com.au
4126,responsibility
4127,guessed
4128,developer
4129,2015
4130,treasurer
4131,michael
4132,lambert
4133,nsw's
4134,documented
4135,contribute
4136,outcomes
4137,consumer
4138,costs
4139,veteran
4140,consultant
4141,robert
4142,hart
4143,abomination
4144,tens
4145,thousands
4146,shoddy
4147,materials
4148,allowable
4149,145
4150,month's
4151,wished
4152,faith
4153,association
4154,expertise
4155,haircut
4156,styled
4157,pineapple
4158,nov
4159,dec
4160,camp
4161,alot
4162,mount
4163,lofty
4164,slim
4165,framed
4166,pale
4167,hairline
4168,yea
4169,virgin
4170,makeup
4171,ewwww
4172,dare
4173,ugly
4174,blatantly
4175,acne
4176,mouth
4177,vastly
4178,overweight
4179,blank
4180,authority
4181,heads
4182,hat
4183,snotty
4184,painful
4185,douche
4186,gorgeous
4187,crush
4188,probation
4189,unemployed
4190,factory
4191,shifts
4192,wasting
4193,studied
4194,progression
4195,rejected
4196,mediterranean
4197,cruises
4198,caribbean
4199,experiments
4200,difficulties
4201,trips
4202,destination
4203,mistake
4204,discover
4205,sponsor
4206,mums
4207,grandparents
4208,lounge
4209,childish
4210,gambino
4211,valued
4212,gamblers
4213,betting
4214,tab
4215,profits
4216,proven
4217,2k
4218,5k
4219,1k
4220,3k
4221,consistently
4222,fund
4223,principle
4224,scale
4225,leverage
4226,investors
4227,10k
4228,quarter
4229,11k
4230,equals
4231,quarters
4232,100k
4233,1m
4234,10m
4235,bets
4236,psychology
4237,40k
4238,tax
4239,emergencies
4240,regulation
4241,profitable
4242,buck
4243,lawyers
4244,accountant
4245,hedge
4246,p.s
4247,traders
4248,understands
4249,stocks
4250,derivatives
4251,crypto
4252,managing
4253,husband
4254,address
4255,mail
4256,rona
4257,stolen
4258,daylight
4259,sale
4260,fb
4261,marketplace
4262,stanley
4263,tool
4264,hilti
4265,hammer
4266,grinder
4267,charger
4268,batteries
4269,lug
4270,measuring
4271,wheel
4272,gun
4273,pelican
4274,usb
4275,gateway
4276,supply
4277,envision
4278,router
4279,strap
4280,cable
4281,assorted
4282,insured
4283,motherfucker
4284,stole
4285,die
4286,easing
4287,legality
4288,statement
4289,workplaces
4290,permitted
4291,flipside
4292,covidsafe
4293,breaching
4294,withdrawal
4295,pastel
4296,fiction
4297,jazz
4298,occasional
4299,garbage
4300,masters
4301,companion
4302,align
4303,crafts
4304,festivals
4305,moonlight
4306,dinners
4307,cheerful
4308,byo
4309,cooking
4310,brunches
4311,speeches
4312,tasting
4313,brunch
4314,frequency
4315,travelers
4316,arriving
4317,quarantine
4318,respect
4319,isolation
4320,aisle
4321,lap
4322,goodness
4323,embarrassing
4324,seemingly
4325,butt
4326,body
4327,snapped
4328,smashed
4329,simultaneously
4330,outcome
4331,blame
4332,conference
4333,update
4334,transferred
4335,medi
4336,71
4337,contacts
4338,ma
4339,numerous
4340,supermarkets
4341,dumpling
4342,joint
4343,garlic
4344,describe
4345,cockatiel
4346,sadness
4347,tiny
4348,baby
4349,saved
4350,coco
4351,postcode
4352,closest
4353,postcodes
4354,furthest
4355,classed
4356,sudden
4357,braking
4358,ffs
4359,pushed
4360,accidents
4361,fraudulent
4362,trusted
4363,loss
4364,repeat
4365,offenders
4366,whinge
4367,toot
4368,abusive
4369,relationship
4370,allocated
4371,processing
4372,wa
4373,adopted
4374,occupation
4375,1968
4376,grandfather
4377,peter
4378,james
4379,duncan
4380,butcher
4381,ancestry
4382,paywall
4383,insanely
4384,courage
4385,laser
4386,surgery
4387,supplier
4388,mersey
4389,smack
4390,news.com.au
4391,cnn
4392,cue
4393,outage
4394,restarting
4395,ran
4396,commands
4397,reset
4398,login
4399,wondered
4400,photographers
4401,actor
4402,model
4403,casting
4404,modelling
4405,crew
4406,talented
4407,heap
4408,artists
4409,rate
4410,informal
4411,chippendale
4412,grief
4413,warmth
4414,burning
4415,tea
4416,snacks
4417,sits
4418,gathering
4419,nan
4420,grieving
4421,housemates
4422,sympathise
4423,indirectly
4424,outbreak
4425,notify
4426,eviction
4427,freeze
4428,7pm
4429,discuss
4430,replied
4431,30am
4432,tenants
4433,bonds
4434,requesting
4435,bond
4436,lodgement
4437,1pm
4438,communicating
4439,benefits
4440,drawbacks
4441,ordinary
4442,boxing
4443,doesnt
4444,dirt
4445,prospect
4446,tap
4447,reeks
4448,chlorine
4449,boxed
4450,kettle
4451,boiling
4452,dear
4453,grandma
4454,beginners
4455,fortune
4456,data
4457,lcd
4458,display
4459,semester
4460,maintains
4461,dry
4462,exorbitant
4463,laptops
4464,economy
4465,mood
4466,depressing
4467,concerns
4468,addressed
4469,semesters
4470,finish
4471,exam
4472,calculations
4473,nursing
4474,clueless
4475,lightly
4476,pros
4477,cons
4478,coles
4479,crashed
4480,announcing
4481,statewide
4482,rsa
4483,barista
4484,cpr
4485,aid
4486,costly
4487,investments
4488,worthwhile
4489,jump
4490,hurdle
4491,bmw
4492,series
4493,suprise
4494,beginning
4495,flashy
4496,intend
4497,smokey
4498,squash
4499,hires
4500,sofa
4501,gumtree
4502,removalists
4503,entertained
4504,engaging
4505,chalk
4506,pavers
4507,pictures
4508,smile
4509,hose
4510,trash
4511,robots
4512,packaging
4513,md
4514,program
4515,matching
4516,reunion
4517,honey
4518,kilburn
4519,tesco's
4520,smallish
4521,range
4522,tags
4523,counted
4524,calorie
4525,tasted
4526,goddamn
4527,daiso
4528,doe
4529,scooter
4530,700
4531,25km
4532,20km
4533,aims
4534,includes
4535,touristy
4536,thingstosee
4537,tfl's
4538,itineraries
4539,tfl.gov.uk
4540,secretlondon
4541,lowbudget
4542,systems
4543,bankcard
4544,widespread
4545,gettingaround
4546,section
4547,citymapper
4548,citymapper.com
4549,shills
4550,zones
4551,shadow
4552,terrorist
4553,attacks
4554,baseball
4555,handegg
4556,comprehensive
4557,matches
4558,leagues
4559,tlfg.uk
4560,www.tlfg.uk
4561,matchpint
4562,www.matchpint.co.uk
4563,variety
4564,sim
4565,networks
4566,connectivity
4567,cafés
4568,wifi
4569,londonpass
4570,subs
4571,londonsocialclub
4572,iwantout
4573,ukvisa
4574,legaladviceuk
4575,sorts
4576,contracts
4577,ukpersonalfinance
4578,goldmine
4579,sage
4580,askuk
4581,cuisine
4582,guidebooks
4583,subjective
4584,hostels
4585,tripadvisor
4586,corners
4587,hide
4588,gallery
4589,sources
4590,automoderator
4591,utc
4592,improvements
4593,migrant
4594,partner's
4595,headphone
4596,surviving
4597,cheaply
4598,drama
4599,amateur
4600,scene
4601,t8
4602,cleared
4603,anti
4604,qualify
4605,urgent
4606,undergraduate
4607,uac
4608,completed
4609,2nd
4610,flats
4611,kitchen
4612,rail
4613,coats
4614,excess
4615,lively
4616,newtown
4617,urge
4618,computing
4619,computers
4620,trawling
4621,boot
4622,reopen
4623,fairs
4624,stratford
4625,disappointing
4626,payneham
4627,greenhill
4628,portrush
4629,optimal
4630,linear
4631,bikeway
4632,vets
4633,eternally
4634,oak
4635,pound
4636,who've
4637,dismiss
4638,snowboarding
4639,pro
4640,leisure
4641,purpose
4642,attire
4643,package
4644,parcel
4645,amidst
4646,anyones
4647,packages
4648,postage
4649,8th
4650,updated
4651,submitting
4652,heaps
4653,parcels
4654,flights
4655,estimated
4656,timeframe
4657,graduating
4658,bartending
4659,cert
4660,ict
4661,technology
4662,enjoying
4663,handle
4664,dev
4665,bachelor's
4666,assignments
4667,relax
4668,inmates
4669,melb
4670,artisan
4671,individually
4672,etsy
4673,versatile
4674,glazed
4675,blessings
4676,viewings
4677,bites
4678,nightmare
4679,pre
4680,sane
4681,bo
4682,broadcasting
4683,birkbeck
4684,regent's
4685,warnings
4686,undergrad
4687,vibe
4688,master
4689,rmit
4690,thesis
4691,motivations
4692,vb
4693,draught
4694,rmit.au1
4695,qualtrics.com
4696,jfe
4697,sv
4698,purge
4699,converters
4700,pawn
4701,rid
4702,feedback
4703,mcg
4704,hosted
4705,women's
4706,cricket
4707,cup
4708,keys
4709,seat
4710,em
4711,bf
4712,celebrate
4713,milestone
4714,glebe
4715,bucks
4716,blow
4717,dining
4718,aquarium
4719,briefly
4720,installing
4721,locally
4722,resorting
4723,tinder
4724,launched
4725,profile
4726,radius
4727,globally
4728,chatting
4729,fans
4730,privacy
4731,trending
4732,rolling
4733,slowly
4734,requests
4735,ton
4736,enhance
4737,core
4738,5km
4739,bubble
4740,opposing
4741,crap
4742,sherlock
4743,encouraging
4744,developments
4745,arrival
4746,freelancer
4747,editing
4748,canada
4749,merchandise
4750,conventions
4751,barclays
4752,purposes
4753,accounts
4754,tier
4755,holders
4756,quadruple
4757,paperwork
4758,sole
4759,trader
4760,technically
4761,livelihood
4762,register
4763,vat
4764,threshold
4765,hobby
4766,registered
4767,grow
4768,portion
4769,scaling
4770,copywriter
4771,editor
4772,customers
4773,melbs
4774,bjj
4775,kickboxing
4776,fiancee
4777,facial
4778,treatments
4779,flare
4780,eczema
4781,recs
4782,melbourners
4783,hamburg
4784,50s
4785,excellent
4786,identical
4787,twin
4788,suppose
4789,1955
4790,journey
4791,ship
4792,highlights
4793,1950s
4794,instagram.com
4795,wigan
4796,gal
4797,teppanyaki
4798,eats
4799,wednesdays
4800,opposite
4801,theories
4802,removed
4803,masse
4804,someplace
4805,decently
4806,slice
4807,trainers
4808,motivational
4809,passionate
4810,wisely
4811,26th
4812,28th
4813,girlfriends
4814,21st
4815,worsen
4816,laundry
4817,cycle
4818,aldgate
4819,bookstores
4820,secondhand
4821,vintage
4822,bothers
4823,oily
4824,skin
4825,nose
4826,hair
4827,damaged
4828,suggestion
4829,rich
4830,listen
4831,breakfast
4832,greg
4833,thinner
4834,n95
4835,redditors
4836,criticized
4837,soooo
4838,hospitals
4839,gouging
4840,aud
4841,medical
4842,suspect
4843,purchase
4844,redditor
4845,standards
4846,regulations
4847,effective
4848,hoarding
4849,accessing
4850,50m
4851,flash
4852,wandering
4853,lord
4854,observer
4855,paragon
4856,argyle
4857,endeavour
4858,malt
4859,shovel
4860,war
4861,booze
4862,hero
4863,guinness
4864,captain
4865,palace
4866,haymarket
4867,lotus
4868,barangaroo
4869,bungalow
4870,deluxe
4871,cargo
4872,darling
4873,sun
4874,cocktails
4875,grass
4876,wander
4877,pickup
4878,cheeky
4879,insider
4880,hop
4881,mentions
4882,misery
4883,cheated
4884,legit
4885,auckland
4886,versus
4887,jubilee
4888,spotty
4889,admittedly
4890,experiment
4891,30pm
4892,signal
4893,tailors
4894,bespoke
4895,measure
4896,dress
4897,fabric
4898,hows
4899,suffering
4900,bully
4901,ratio
4902,principal
4903,corrupted
4904,messiah
4905,permission
4906,dollars
4907,speech
4908,bullying
4909,inspire
4910,millions
4911,tear
4912,viral
4913,wide
4914,primary
4915,statue
4916,wall
4917,memorial
4918,deed
4919,joe
4920,juice
4921,needless
4922,cards
4923,samaritan
4924,reads
4925,stays
4926,attending
4927,wind
4928,wholesalers
4929,imported
4930,musical
4931,theater
4932,bath
4933,fc
4934,personalized
4935,casino
4936,nye
4937,trap
4938,skipping
4939,harry
4940,potter
4941,crowded
4942,pricy
4943,flowing
4944,blocked
4945,ip
4946,lion
4947,wolf
4948,westminster
4949,abbey
4950,berlin
4951,political
4952,clues
4953,existed
4954,nicknames
4955,capitals
4956,egypt
4957,nile
4958,statues
4959,11th
4960,pathway
4961,linking
4962,avenue
4963,king
4964,william
4965,punched
4966,strongly
4967,retaliate
4968,childcare
4969,substances
4970,jacked
4971,samaritans
4972,belongings
4973,investigations
4974,brushed
4975,evidence
4976,baffling
4977,cops
4978,hotspot
4979,nearer
4980,figuring
4981,kid
4982,handy
4983,woolies
4984,roster
4985,fyi
4986,messaging
4987,leaders
4988,effectively
4989,blaming
4990,remembered
4991,blamed
4992,professionally
4993,fly
4994,pilots
4995,aircraft
4996,uninformed
4997,branch
4998,apologize
4999,delete
5000,animal
5001,nintendo
5002,edition
5003,token
5004,appreciation
5005,accepting
5006,scams
5007,receipt
5008,warranty
5009,ebay
5010,retailers
5011,screwed
5012,fest
5013,ins
5014,severely
5015,tad
5016,barber
5017,hairdresser
5018,tidy
5019,trim
5020,preferable
5021,lemme
5022,banned
5023,tongue
5024,souvenir
5025,magnets
5026,tip
5027,3km
5028,infrequently
5029,27
5030,medicine
5031,buckle
5032,preparation
5033,interviews
5034,kindergarten
5035,teacher
5036,sneeze
5037,cough
5038,deliberately
5039,teachers
5040,shat
5041,state's
5042,assets
5043,privileged
5044,grant
5045,disgusting
5046,essentially
5047,facilitate
5048,corrupt
5049,dept
5050,inaction
5051,incompetence
5052,complex
5053,registering
5054,extreme
5055,retailer
5056,solar
5057,export
5058,grid
5059,grain
5060,branded
5061,mac
5062,restricted
5063,leases
5064,excited
5065,heh
5066,delayed
5067,40am
5068,10am
5069,collect
5070,baggage
5071,checkin
5072,singles
5073,bored
5074,thirties
5075,extortionate
5076,boots
5077,weighing
5078,sculpting
5079,belly
5080,stubborn
5081,quote
5082,hourly
5083,minus
5084,goodies
5085,pedal
5086,stale
5087,relocate
5088,legislation
5089,explicit
5090,grilled
5091,hmmm
5092,zealous
5093,clarification
5094,unreliable
5095,closeby
5096,careful
5097,seizure
5098,subway
5099,published
5100,rlly
5101,cheapish
5102,roughly
5103,ppl
5104,facetime
5105,lagging
5106,max
5107,broader
5108,receives
5109,gas
5110,heating
5111,settings
5112,15c
5113,constantly
5114,1.5
5115,transfers
5116,obligated
5117,threads
5118,kick
5119,bummed
5120,knee
5121,ebikes
5122,www.ebay.com.au
5123,itm
5124,dual
5125,suspension
5126,ebike
5127,satisfy
5128,baffled
5129,footpaths
5130,ubereats
5131,custom
5132,designs
5133,bikes
5134,footpath
5135,pedestrian
5136,rotate
5137,inwards
5138,automatically
5139,spot
5140,paranoid
5141,combo
5142,trouble
5143,product
5144,cute
5145,pink
5146,earphones
5147,headphones
5148,correctly
5149,daisy
5150,taxes
5151,luxury
5152,33
5153,gst
5154,stamp
5155,duty
5156,priced
5157,landcruiser
5158,collapsed
5159,revenue
5160,generous
5161,sedan
5162,diesel
5163,engine
5164,spacious
5165,economical
5166,luxurious
5167,generation
5168,commodore
5169,decline
5170,unfair
5171,horrendous
5172,taxing
5173,taxed
5174,chase
5175,dodge
5176,corporations
5177,slams
5178,victorias
5179,proposed
5180,100000
5181,speeds
5182,uncomfortably
5183,electrician
5184,field
5185,apprenticeship
5186,alas
5187,immune
5188,parties
5189,assisting
5190,independently
5191,supplement
5192,liberal
5193,releases
5194,archive
5195,knocks
5196,tenancies
5197,engagement
5198,waitlist
5199,solidarity
5200,starter
5201,expenses
5202,bedford
5203,holds
5204,bachelors
5205,commerce
5206,secretary
5207,ca
5208,chances
5209,stages
5210,adelaide's
5211,bizzare
5212,ya
5213,lined
5214,attacked
5215,scratch
5216,mark
5217,softer
5218,dumbbells
5219,barbells
5220,argos
5221,delivering
5222,decathlon
5223,yelling
5224,loudspeaker
5225,50k
5226,salary
5227,respected
5228,bastards
5229,perform
5230,bulldogs
5231,4g
5232,barley
5233,loading
5234,shortly
5235,unbearable
5236,wishes
5237,18yo
5238,videography
5239,streetwear
5240,rugby
5241,petrol
5242,servo
5243,stated
5244,pump
5245,laminated
5246,pools
5247,packed
5248,thailand
5249,gobsmacked
5250,cucumbers
5251,sliced
5252,served
5253,au
5254,kilo
5255,3.90
5256,cucumber
5257,bracket
5258,avocados
5259,sourced
5260,distant
5261,growers
5262,exotic
5263,kilometers
5264,humble
5265,grown
5266,abundant
5267,yearly
5268,crop
5269,catastrophe
5270,wiped
5271,avo
5272,toast
5273,millennials
5274,slices
5275,fried
5276,rice
5277,neo
5278,nazi
5279,hammered
5280,guesses
5281,fascists
5282,enrolled
5283,tafe
5284,enrolment
5285,31st
5286,steam
5287,couch
5288,furnished
5289,furniture
5290,cleaner
5291,cbf
5292,sweet
5293,coverage
5294,saver
5295,tweeted
5296,jumped
5297,ocean
5298,messed
5299,firstly
5300,oxford
5301,asshole
5302,knightsbridge
5303,ken
5304,matters
5305,55
5306,perspectives
5307,pain
5308,hotspots
5309,comply
5310,reliable
5311,bicycle
5312,tune
5313,math
5314,learnt
5315,parent
5316,external
5317,tutor
5318,centers
5319,tuition
5320,bee
5321,gucci
5322,cnr
5323,exhibition
5324,collins
5325,ethnicity
5326,attraction
5327,escalators
5328,weary
5329,outdated
5330,lifts
5331,pimlico
5332,lottery
5333,pos
5334,prize
5335,q1
5336,q2
5337,y'all
5338,karma
5339,insightful
5340,iso
5341,editions
5342,transaction
5343,announce
5344,buns
5345,www.news.com.au
5346,syd
5347,gran
5348,notification
5349,unavailable
5350,bbqs
5351,foods
5352,negativity
5353,aggravate
5354,dance
5355,citizenship
5356,redfern
5357,surry
5358,youfoodz
5359,ready
5360,takeout
5361,theft
5362,consumption
5363,sticky
5364,concerts
5365,2m
5366,rammed
5367,bail
5368,torn
5369,anzac
5370,observe
5371,fitting
5372,millennial
5373,peers
5374,leading
5375,25th
5376,remembrance
5377,approach
5378,tempting
5379,tragic
5380,futile
5381,concluded
5382,allied
5383,prevent
5384,horrors
5385,subsequent
5386,conflicts
5387,resulted
5388,perceived
5389,ideological
5390,clash
5391,tensions
5392,danger
5393,repeating
5394,celebration
5395,nationalism
5396,nation
5397,laid
5398,conflict
5399,pursuit
5400,peace
5401,justify
5402,separate
5403,losers
5404,arguably
5405,tragedy
5406,unprecedented
5407,mourning
5408,reflection
5409,climate
5410,acknowledge
5411,goal
5412,distinction
5413,legend
5414,bragging
5415,rapport
5416,turkey
5417,approached
5418,dignity
5419,remembering
5420,tragedies
5421,reflect
5422,flawed
5423,shout
5424,wage
5425,bow
5426,formatting
5427,night's
5428,vba
5429,cocaine
5430,hipsters
5431,actors
5432,downvote
5433,drunken
5434,elizabeth
5435,munno
5436,para
5437,neutral
5438,dresses
5439,vegan
5440,patties
5441,fries
5442,patty
5443,darn
5444,convincing
5445,buddy
5446,scary
5447,substitute
5448,lentils
5449,closely
5450,sis
5451,initial
5452,specialist
5453,550
5454,220
5455,rebate
5456,330
5457,terraces
5458,hawthorne
5459,l4
5460,exchange
5461,december
5462,university's
5463,catered
5464,company's
5465,unilodge
5466,overpriced
5467,graduates
5468,streatham
5469,paddington
5470,weigh
5471,size
5472,caucasian
5473,aussies
5474,verbally
5475,assault
5476,screams
5477,lungs
5478,blah
5479,drives
5480,confront
5481,calm
5482,backseat
5483,shouts
5484,bump
5485,fuming
5486,aint
5487,plebs
5488,picking
5489,venting
5490,successful
5491,completion
5492,marathon
5493,uncomfortable
5494,costume
5495,solidly
5496,complement
5497,sydney's
5498,relationships
5499,teens
5500,bailed
5501,usyd
5502,doctors
5503,coworkers
5504,travellers
5505,disappear
5506,goodbye
5507,30th
5508,begun
5509,realize
5510,rut
5511,decade
5512,sleeping
5513,airplane
5514,awkward
5515,tl:dr
5516,excuse
5517,boring
5518,vicious
5519,trapped
5520,metallica
5521,anz
5522,107
5523,natwest
5524,gypsy
5525,coins
5526,prostitution
5527,arent
5528,insists
5529,irresponsible
5530,portfolio
5531,frequent
5532,tricky
5533,distribution
5534,qld
5535,labour
5536,border
5537,offline
5538,regard
5539,grandchildren
5540,unisa
5541,trimester
5542,associate
5543,tri
5544,gday
5545,bose
5546,frames
5547,gotta
5548,audio
5549,earplugs
5550,block
5551,noises
5552,surroundings
5553,lenses
5554,damned
5555,gripe
5556,speakers
5557,frame
5558,foam
5559,battery
5560,3.5
5561,bone
5562,busking
5563,circus
5564,coach
5565,surfers
5566,surfer
5567,songwriting
5568,counting
5569,rumble
5570,cowering
5571,cushions
5572,disappointed
5573,trick
5574,yoga
5575,hippies
5576,nude
5577,underwear
5578,hippy
5579,gentle
5580,begins
5581,startups
5582,organizations
5583,bandwidth
5584,guaranteed
5585,lambeth
5586,midlands
5587,45k
5588,flatshare
5589,mistakenly
5590,refund
5591,tandoori
5592,flavor
5593,infused
5594,sourcing
5595,kidman
5596,nearby
5597,writers
5598,authors
5599,affiliation
5600,packing
5601,protection
5602,appeared
5603,bright
5604,yellow
5605,flashed
5606,disappeared
5607,clouds
5608,rex
5609,rabbit
5610,breeders
5611,rabbits
5612,shadows
5613,acknowledging
5614,gain
5615,darkness
5616,lying
5617,causing
5618,empire
5619,strikes
5620,cave
5621,luke
5622,enters
5623,movie
5624,hilariously
5625,zealand
5626,halloween
5627,trailer
5628,examining
5629,decorations
5630,hanging
5631,draw
5632,comparisons
5633,correctness
5634,norms
5635,acceptable
5636,inappropriate
5637,hooded
5638,attract
5639,england
5640,1st
5641,properly
5642,indian
5643,railway
5644,charities
5645,110
5646,takers
5647,covidmutualaid.org
5648,directory
5649,freedomnews.org.uk
5650,mutual
5651,shes
5652,mexican
5653,unis
5654,differences
5655,plumbing
5656,southern
5657,highlands
5658,closures
5659,eve
5660,recommendation
5661,strength
5662,involving
5663,muay
5664,thai
5665,mag
5666,lindfield
5667,organizing
5668,pimp
5669,compiled
5670,beat
5671,magazine
5672,whatson.melbourne.vic.gov.au
5673,home.aspx
5674,whatson
5675,timeout
5676,www.timeout.com
5677,causal
5678,hawker
5679,chan
5680,israeli
5681,boy
5682,bbq
5683,fusion
5684,seamstress
5685,sakura
5686,magic
5687,mountain
5688,saloon
5689,vietnamese
5690,san
5691,telmo
5692,grill
5693,french
5694,horse
5695,bazaar
5696,union
5697,gin
5698,swamp
5699,whiskey
5700,vie
5701,neighbour
5702,glance
5703,creepy
5704,adding
5705,height
5706,adelaideians
5707,grasp
5708,competitive
5709,aiming
5710,raw
5711,overhead
5712,standstill
5713,elections
5714,sadiq
5715,substandard
5716,admired
5717,brexit
5718,minorities
5719,petty
5720,shaun
5721,bailey
5722,tory
5723,lacking
5724,londoner
5725,convinced
5726,assembly
5727,plunge
5728,rises
5729,certificate
5730,allocation
5731,leonard's
5732,stall
5733,brothel
5734,recalled
5735,pdf
5736,trench
5737,itll
5738,facing
5739,traineeship
5740,compared
5741,downpour
5742,turf
5743,load
5744,nursery
5745,trollies
5746,trade
5747,loaded
5748,wheeled
5749,insist
5750,o'clock
5751,pour
5752,sod
5753,slipped
5754,continued
5755,literal
5756,waters
5757,contemplate
5758,situational
5759,brutal
5760,bruises
5761,statements
5762,fortnightly
5763,dlr
5764,crisis
5765,nick
5766,duration
5767,deepest
5768,puffer
5769,mandatory
5770,cries
5771,condom
5772,puzzled
5773,identify
5774,postgrad
5775,explored
5776,hampstead
5777,heath
5778,surbiton
5779,complained
5780,adore
5781,terminate
5782,salisbury
5783,psychiatrist
5784,prescription
5785,s8
5786,drugs
5787,drug
5788,labelled
5789,seeker
5790,compromising
5791,therapies
5792,psychologists
5793,meditation
5794,providing
5795,monitoring
5796,sidney
5797,lesson
5798,recycling
5799,balcony
5800,reduce
5801,barrister
5802,reviewed
5803,acs
5804,189
5805,reduced
5806,190
5807,provisional
5808,timelines
5809,preface
5810,firefighter
5811,paramedic
5812,trucks
5813,shown
5814,volunteering
5815,stevenage
5816,pcm
5817,vibes
5818,fundraiser
5819,predictions
5820,finals
5821,miserably
5822,reg
5823,clocked
5824,pic
5825,chased
5826,pavement
5827,littering
5828,adrenaline
5829,recall
5830,threatened
5831,hyperoptic
5832,broadband
5833,approaching
5834,1gb
5835,kindly
5836,passengers
5837,distracted
5838,accident
5839,record
5840,smh
5841,seating
5842,patio
5843,hackney
5844,wick
5845,virtually
5846,1750
5847,farringdon
5848,newham
5849,tipped
5850,iphone
5851,t2
5852,buses
5853,inter
5854,bussing
5855,hopping
5856,command
5857,configuration
5858,absurd
5859,efficiency
5860,boost
5861,imposing
5862,traded
5863,meters
5864,hometown
5865,returning
5866,feb
5867,g'day
5868,grog
5869,goon
5870,organises
5871,aa
5872,vouch
5873,afl
5874,footy
5875,emporium
5876,bourke
5877,lancaster
5878,urbanest
5879,terrace
5880,constitution
5881,yay
5882,nay
5883,sum
5884,funnily
5885,illness
5886,"300,000"
5887,earned
5888,shoes
5889,teen
5890,thirty
5891,sandals
5892,allowing
5893,losses
5894,catalyst
5895,assembled
5896,berating
5897,wynyard
5898,feet
5899,soaked
5900,sobbing
5901,exhausted
5902,hole
5903,possessions
5904,treating
5905,failing
5906,thunder
5907,solid
5908,flowers
5909,shares
5910,tells
5911,maccas
5912,shake
5913,phenomenal
5914,libraries
5915,simplest
5916,vincent's
5917,marie
5918,desperately
5919,yesterdays
5920,comfortably
5921,scraping
5922,192
5923,999
5924,visas
5925,treasury
5926,motorcyclist
5927,proceeded
5928,swerve
5929,cyclists
5930,harley
5931,yamaha
5932,forcing
5933,fart
5934,hyper
5935,aggressive
5936,motorbike
5937,duck
5938,waffle
5939,shard
5940,officially
5941,lifted
5942,obligation
5943,recipients
5944,suspended
5945,anne
5946,devastating
5947,jobseekers
5948,difficulty
5949,morrison
5950,restored
5951,mygov
5952,congestion
5953,continues
5954,extending
5955,penalised
5956,attendance
5957,one's
5958,compliance
5959,committed
5960,believes
5961,importance
5962,www.theguardian.com
5963,mar
5964,with:block
5965,passes
5966,stimulus
5967,000
5968,starbucks
5969,machine
5970,serving
5971,iced
5972,mill
5973,asylum
5974,pissed
5975,bible
5976,mortar
5977,fox
5978,witch
5979,bangkok
5980,lax
5981,mel
5982,optus
5983,streaming
5984,alternatives
5985,hazardous
5986,effects
5987,jus
5988,tempted
5989,s20
5990,recorded
5991,cassette
5992,recorder
5993,1976
5994,played
5995,"40,000"
5996,cousin
5997,setbacks
5998,complications
5999,errors
6000,led
6001,operations
6002,spinal
6003,cord
6004,caused
6005,concern
6006,nerves
6007,operated
6008,partially
6009,gradually
6010,inconvenience
6011,headache
6012,bleed
6013,brain
6014,rushed
6015,consciousness
6016,expressed
6017,despair
6018,attention
6019,hooked
6020,infections
6021,fitted
6022,drain
6023,infected
6024,fluid
6025,trigger
6026,emotions
6027,communicate
6028,eyes
6029,jokes
6030,winning
6031,balls
6032,oxygen
6033,testicles
6034,gown
6035,penis
6036,carefully
6037,sir
6038,removing
6039,speaks
6040,humour
6041,intact
6042,poses
6043,increase
6044,goals
6045,ceremony
6046,smartly
6047,combination
6048,accomplish
6049,ventilator
6050,john
6051,barnes
6052,cousin's
6053,player
6054,idol
6055,wirral
6056,moments
6057,encouragement
6058,morale
6059,healing
6060,miracle
6061,cocktail
6062,suv
6063,dashcam
6064,checks
6065,damage
6066,rego
6067,constable
6068,drifting
6069,returns
6070,hostel
6071,dorm
6072,overly
6073,smells
6074,til
6075,implied
6076,advisor
6077,zoo
6078,advantage
6079,popping
6080,neighbors
6081,wth
6082,behaved
6083,cull
6084,switches
6085,george
6086,thx
6087,undies
6088,onboard
6089,counts
6090,fundraisers
6091,cosy
6092,chai
6093,baker
6094,risky
6095,southwest
6096,refresh
6097,sporting
6098,meetups
6099,motorcycle
6100,clubbing
6101,anime
6102,crossrail
6103,manchester
6104,cent
6105,coin
6106,freezing
6107,woolton
6108,swap
6109,ps4
6110,dot
6111,ripped
6112,pedals
6113,cables
6114,foot
6115,toddler
6116,intersection
6117,realising
6118,jamming
6119,killing
6120,terrified
6121,screamed
6122,apology
6123,stares
6124,unwilling
6125,raging
6126,pedestrians
6127,cosmic
6128,psychos
6129,ab
6130,powers
6131,quintessentially
6132,noble
6133,thousand
6134,queued
6135,intersections
6136,blocking
6137,contemplating
6138,travelcard
6139,bali
6140,10pm
6141,27th
6142,canceled
6143,25pm
6144,connecting
6145,landed
6146,40pm
6147,6am
6148,29th
6149,jetstar
6150,labs
6151,pills
6152,mdma
6153,ignorant
6154,swarming
6155,refuse
6156,tis
6157,amounts
6158,bumping
6159,disperse
6160,breath
6161,week's
6162,vegetarian
6163,wollongong
6164,bend
6165,peaking
6166,buildings
6167,entrances
6168,4am
6169,wild
6170,colours
6171,impacted
6172,dreading
6173,there'll
6174,equally
6175,organisers
6176,issued
6177,aisles
6178,dressing
6179,alleged
6180,tackled
6181,blows
6182,gap
6183,rural
6184,classmates
6185,balancing
6186,motivation
6187,grades
6188,necessities
6189,20th
6190,eligible
6191,relocation
6192,adds
6193,material
6194,600
6195,inflation
6196,"1,000"
6197,"2,500"
6198,minimising
6199,straightforward
6200,depleted
6201,denied
6202,nervous
6203,elitist
6204,yikes
6205,rode
6206,admit
6207,www.adelaidenow.com.au
6208,messenger
6209,buffalo
6210,demolished
6211,impending
6212,doom
6213,patiently
6214,outfits
6215,burnt
6216,economies
6217,kelly's
6218,liver
6219,failure
6220,nbsp
6221,falls
6222,whisky
6223,liquids
6224,closes
6225,regulars
6226,timers
6227,energy
6228,winconnect
6229,buys
6230,quarterly
6231,charging
6232,fishy
6233,blown
6234,star
6235,rating
6236,false
6237,overcharging
6238,vort
6239,instructors
6240,rotherhithe
6241,exercise
6242,ecological
6243,runners
6244,canals
6245,peaceful
6246,eggs
6247,veggies
6248,lounges
6249,url
6250,lan
6251,cafes
6252,unsw
6253,overwatch
6254,monitors
6255,wwe
6256,2009
6257,vcal
6258,2011
6259,departments
6260,qualification
6261,stat
6262,college
6263,maths
6264,scores
6265,nyc
6266,temporary
6267,exciting
6268,furnishing
6269,2007
6270,foreigner
6271,executive
6272,solutions
6273,manhattan
6274,bronte
6275,coogee
6276,realistic
6277,loving
6278,woke
6279,cooler
6280,radiator
6281,walls
6282,boiler
6283,leaking
6284,foodies
6285,organize
6286,collections
6287,itunes.apple.com
6288,negotiate
6289,bt
6290,uniform
6291,fibre
6292,upgrading
6293,sky
6294,confuses
6295,sketchy
6296,pipes
6297,belting
6298,soft
6299,ingle
6300,caulfield
6301,8.30
6302,suburban
6303,inspector
6304,teabags
6305,handful
6306,grocery
6307,chef
6308,net
6309,commercial
6310,supervisor
6311,katoomba
6312,worthy
6313,birth
6314,bayside
6315,regents
6316,length
6317,golders
6318,fingers
6319,resale
6320,165
6321,kiwis
6322,muslims
6323,christians
6324,vigil
6325,christchurch
6326,detectives
6327,maroubra
6328,died
6329,rows
6330,balconies
6331,hailing
6332,genius
6333,pde
6334,longshot
6335,strathfield
6336,noisy
6337,basement
6338,soundproof
6339,warehouses
6340,enjoyable
6341,disrupt
6342,compares
6343,lincoln
6344,glad
6345,intensive
6346,majors
6347,medieval
6348,era
6349,covering
6350,norman
6351,viking
6352,yrs
6353,anyplace
6354,doorstep
6355,urban
6356,hertfordshire
6357,birmingham
6358,lad
6359,mice
6360,staffy
6361,vet
6362,developed
6363,allergy
6364,650
6365,rash
6366,spreading
6367,entirety
6368,ray
6369,insane
6370,continually
6371,staffs
6372,venue
6373,mysterious
6374,nonetheless
6375,problematic
6376,disability
6377,slightest
6378,clinics
6379,southeast
6380,disorders
6381,chairs
6382,latrobe
6383,randomly
6384,lend
6385,borrow
6386,rfid
6387,modest
6388,bottle
6389,l1
6390,macbook
6391,factors
6392,hangover
6393,suss
6394,nrl
6395,gpa
6396,1.75
6397,internships
6398,formed
6399,aforementioned
6400,4wd
6401,wilderness
6402,artificial
6403,rangers
6404,queue
6405,grounds
6406,scenario
6407,queueing
6408,dc
6409,synth
6410,produced
6411,telegram
6412,whatsapp
6413,kik
6414,dick
6415,grindr
6416,destructive
6417,gay
6418,bi
6419,hookups
6420,1800
6421,trans
6422,admirers
6423,owner's
6424,fhog
6425,attach
6426,documents
6427,applicant
6428,headlights
6429,guts
6430,slowed
6431,10km
6432,hr
6433,500m
6434,patrol
6435,silently
6436,doggo
6437,micro
6438,brilliant
6439,styles
6440,mediation
6441,bushland
6442,caves
6443,rains
6444,compile
6445,chorus
6446,ben
6447,arnold
6448,le
6449,stalking
6450,capital
6451,woefully
6452,respite
6453,boiled
6454,egg
6455,setting
6456,neck
6457,armpit
6458,stem
6459,steaming
6460,toes
6461,painfully
6462,steak
6463,herded
6464,ilford
6465,romford
6466,jumper
6467,parallel
6468,pseudo
6469,bench
6470,waist
6471,makers
6472,despise
6473,controversial
6474,legs
6475,america's
6476,subreddits
6477,revolves
6478,gasp
6479,99
6480,videos
6481,5am
6482,joy
6483,pun
6484,intended
6485,reasoning
6486,threats
6487,recourse
6488,relay
6489,slap
6490,fam
6491,btw
6492,strategy
6493,meetup
6494,poorly
6495,migrated
6496,elses
6497,heck
6498,flu
6499,tottenham
6500,600k
6501,ulez
6502,vast
6503,wimbledon
6504,terraced
6505,beverage
6506,establishment
6507,would've
6508,dismissed
6509,nearest
6510,redirected
6511,fighters
6512,considers
6513,tunnel
6514,adelaides
6515,woes
6516,vans
6517,roundabout
6518,queens
6519,printer
6520,printers
6521,compatible
6522,officeworks
6523,snap
6524,newsagents
6525,offices
6526,library
6527,kmart
6528,printing
6529,cove
6530,blowing
6531,sneezing
6532,conditioning
6533,mess
6534,courtesy
6535,mileage
6536,vary
6537,secluded
6538,industries
6539,shamed
6540,cats
6541,supernatural
6542,buffet
6543,moorgate
6544,chinatown
6545,tray
6546,bins
6547,boil
6548,kicking
6549,lark
6550,crates
6551,refunded
6552,370
6553,660
6554,chain
6555,camper
6556,32
6557,influence
6558,dump
6559,stars
6560,historic
6561,worldwide
6562,momentum
6563,spotlight
6564,bridging
6565,btgfoundation.com.au
6566,powerful
6567,finger
6568,reddit's
6569,stepped
6570,yelled
6571,caps
6572,theyre
6573,jbhifi
6574,jb
6575,8pm
6576,locator
6577,22nd
6578,participate
6579,powered
6580,serviced
6581,mechanically
6582,nissan
6583,navara
6584,braked
6585,towing
6586,nav
6587,ensuring
6588,wheels
6589,calls
6590,conveniently
6591,bluetooth
6592,enabled
6593,2014
6594,4x4
6595,ipod
6596,steering
6597,assist
6598,dvd
6599,cruise
6600,knob
6601,reversing
6602,roadworthy
6603,airbags
6604,img
6605,anyone's
6606,knowledgeable
6607,sinus
6608,sinuses
6609,ent
6610,miserable
6611,certified
6612,convert
6613,license
6614,quickest
6615,seymour
6616,youths
6617,spanish
6618,moores
6619,ljmu
6620,mooroolbark
6621,scenic
6622,leech
6623,doomed
6624,stubhub
6625,arsenal
6626,bucket
6627,stonehenge
6628,tours
6629,tuesday's
6630,restructuring
6631,redundant
6632,bonuses
6633,gutted
6634,abysmal
6635,eba
6636,sda
6637,worries
6638,outgrown
6639,razor
6640,7th
6641,skate
6642,phobia
6643,dentist
6644,chair
6645,shaking
6646,drown
6647,pounds
6648,symbol
6649,keyboard
6650,memory
6651,swarmed
6652,parrots
6653,wandered
6654,deli
6655,marrickville
6656,wonderland
6657,stocked
6658,ingredients
6659,wonders
6660,inspired
6661,conglomerate
6662,chile
6663,zombie
6664,apocalypse
6665,men's
6666,hybrid
6667,awhile
6668,satanic
6669,religious
6670,morals
6671,sandwich
6672,resist
6673,temptation
6674,admin
6675,inbox
6676,6pm
6677,satan
6678,ave
6679,typical
6680,jet
6681,drone
6682,descending
6683,los
6684,angeles
6685,180
6686,blanked
6687,chant
6688,filling
6689,offence
6690,derogatory
6691,rap
6692,punishment
6693,atrocious
6694,cheesecake
6695,2018
6696,grandparent
6697,removalist
6698,unload
6699,gum
6700,ks
6701,washer
6702,fridge
6703,tossed
6704,amsterdam
6705,xmas
6706,legends
6707,trivia
6708,workmates
6709,consensus
6710,approximately
6711,containers
6712,spotswood
6713,container
6714,russia
6715,moscow
6716,opportunities
6717,exited
6718,extroverted
6719,lonely
6720,craft
6721,alexandra
6722,emerging
6723,jewellers
6724,3x
6725,lodging
6726,compromise
6727,angel
6728,islington
6729,neighbourhood
6730,ascertain
6731,bouncing
6732,collaborative
6733,setups
6734,unpopular
6735,12th
6736,wire
6737,gunnersbury
6738,stash
6739,marvel
6740,cv
6741,harringay
6742,teenager
6743,inviting
6744,coz
6745,intimate
6746,hotline
6747,fault
6748,shaken
6749,wfh
6750,granted
6751,tyre
6752,reception
6753,continuously
6754,revolut
6755,withdraw
6756,westpac
6757,answered
6758,terminated
6759,landline
6760,advising
6761,verify
6762,fraud
6763,precautions
6764,hacked
6765,aps
6766,boarding
6767,bullies
6768,flea
6769,offs
6770,halls
6771,yielded
6772,planes
6773,jumbo
6774,tradesman
6775,8am
6776,jesus
6777,christ
6778,logic
6779,backpacker
6780,manly
6781,backpackers
6782,chucking
6783,objects
6784,pursuing
6785,suck
6786,promoting
6787,toilet
6788,anarchy
6789,pentridge
6790,transformation
6791,labouring
6792,ongoing
6793,booming
6794,unskilled
6795,investing
6796,2006
6797,referring
6798,confiscated
6799,favorites
6800,swapped
6801,samsung
6802,prove
6803,recieved
6804,volume
6805,buttons
6806,cuz
6807,skeptical
6808,replaced
6809,replacing
6810,toronto
6811,won
6812,pending
6813,fires
6814,freaking
6815,successfully
6816,recover
6817,stretch
6818,100km
6819,sufficient
6820,110km
6821,faster
6822,string
6823,turnaround
6824,tangled
6825,version
6826,pins
6827,poo
6828,coated
6829,ceilings
6830,newspaper
6831,clip
6832,learner
6833,diy
6834,strongest
6835,patience
6836,asbestos
6837,licenses
6838,vivid
6839,colors
6840,proceed
6841,exchanged
6842,invoice
6843,insurer
6844,liability
6845,damages
6846,party's
6847,london's
6848,heated
6849,wildfire
6850,theyve
6851,placements
6852,sorta
6853,wolli
6854,revesby
6855,announcer
6856,pa
6857,blaring
6858,ashfield
6859,tertiary
6860,institutions
6861,40km
6862,plain
6863,a4
6864,sheets
6865,tam
6866,serves
6867,roast
6868,pork
6869,sapol
6870,patrolling
6871,vines
6872,motorbikes
6873,resolution
6874,averse
6875,needle
6876,sorted
6877,savage
6878,abc
6879,judges
6880,kitchenware
6881,shipment
6882,seas
6883,sea
6884,freight
6885,resturant
6886,weightlifting
6887,olympic
6888,aspect
6889,technique
6890,stronger
6891,lilydale
6892,uni's
6893,tooting
6894,martial
6895,mma
6896,vocalist
6897,lead
6898,influences
6899,unofficial
6900,defense
6901,bug
6902,robot
6903,alien
6904,steamcommunity.com
6905,mansion
6906,deported
6907,snack
6908,captured
6909,ing
6910,haul
6911,cybersecurity
6912,networking
6913,convince
6914,melbaaan
6915,greeting
6916,yall
6917,vacation
6918,outer
6919,fringes
6920,gator
6921,bacon
6922,occupied
6923,insulated
6924,cottages
6925,skies
6926,forest
6927,money's
6928,revolver
6929,merseyside
6930,preference
6931,trails
6932,gorge
6933,rope
6934,rejection
6935,courtyard
6936,persuade
6937,www.heraldsun.com.au
6938,beams
6939,freeway
6940,carparks
6941,piercing
6942,throbbing
6943,holey
6944,moley
6945,mystery
6946,axe
6947,tossing
6948,subsidised
6949,inconsistent
6950,swanky
6951,justified
6952,hefty
6953,fanciest
6954,treadmill
6955,shape
6956,freestyle
6957,evenings
6958,conspiracy
6959,unstable
6960,named
6961,karen
6962,brewer
6963,schizophrenia
6964,recognise
6965,erratic
6966,patterns
6967,cares
6968,dragging
6969,mission
6970,expose
6971,ironic
6972,loudest
6973,curries
6974,korean
6975,cuisines
6976,rip
6977,exceptions
6978,currency
6979,debit
6980,sending
6981,commbank
6982,peckham
6983,faulty
6984,southwark
6985,soz
6986,picky
6987,salsa
6988,reggae
6989,sugar
6990,artsy
6991,warrington
6992,00s
6993,criminal
6994,stereotypes
6995,friendliest
6996,warped
6997,honest
6998,crooks
6999,dealers
7000,comic
7001,niche
7002,annoyingly
7003,touched
7004,trace
7005,mp
7006,royal
7007,threat
7008,shanghai
7009,settlement
7010,contrast
7011,omg
7012,wines
7013,eid
7014,duly
7015,tow
7016,dublin
7017,patrick's
7018,irish
7019,folk
7020,atmosphere
7021,djs
7022,wed
7023,oct
7024,flog
7025,dragons
7026,organising
7027,swing
7028,pissing
7029,psos
7030,dhs
7031,venture
7032,westgate
7033,1979
7034,dude
7035,victorian
7036,seafood
7037,eastbound
7038,brake
7039,busted
7040,dumb
7041,percentage
7042,measurement
7043,holder
7044,sheffield
7045,wetherspoons
7046,leasing
7047,disrupted
7048,eta
7049,coconut
7050,flesh
7051,packaged
7052,products
7053,attempted
7054,rubber
7055,obligatory
7056,shaming
7057,filed
7058,submitted
7059,vault
7060,inch
7061,serial
7062,cap
7063,saddle
7064,bells
7065,purple
7066,chrome
7067,references
7068,referenced
7069,tl
7070,dr
7071,substantially
7072,receiving
7073,jobkeeper
7074,wages
7075,employee
7076,proportional
7077,mowing
7078,commission
7079,botanical
7080,citybound
7081,warrigal
7082,bat
7083,unlicensed
7084,warrants
7085,intelligent
7086,endure
7087,commutes
7088,40s
7089,commutable
7090,bristol
7091,norwich
7092,edinburgh
7093,louder
7094,decrease
7095,mall
7096,buskers
7097,factor
7098,aftermath
7099,xpt
7100,derailment
7101,pilot
7102,www.theage.com.au
7103,killed
7104,wallan
7105,tshirt
7106,tequila
7107,fav
7108,materialistic
7109,thoughtful
7110,highs
7111,lows
7112,protected
7113,negotiated
7114,consent
7115,4m
7116,1.5m
7117,scholarships
7118,masterclass
7119,sunset
7120,kayak
7121,romantic
7122,searched
7123,acid
7124,revs
7125,mavic
7126,dozens
7127,dji
7128,adaptor
7129,www.officeworks.com.au
7130,nanny
7131,l's
7132,learners
7133,p's
7134,obtaining
7135,allegedly
7136,competency
7137,assessment
7138,wary
7139,assess
7140,stripped
7141,confidence
7142,fail
7143,threw
7144,explained
7145,furious
7146,hes
7147,senior
7148,safest
7149,85
7150,115
7151,manual
7152,ripping
7153,procedure
7154,ya'll
7155,paris
7156,windsor
7157,buckingham
7158,jail
7159,seater
7160,sofas
7161,newly
7162,3.5k
7163,4k
7164,freedom
7165,41
7166,rookie
7167,upsets
7168,yr
7169,relate
7170,sensory
7171,heavier
7172,ptsd
7173,dalston
7174,ethnicities
7175,iraq
7176,secondary
7177,southampton
7178,resident
7179,trivial
7180,immigrant
7181,models
7182,ergonomic
7183,task
7184,comfort
7185,360
7186,lecture
7187,ahaha
7188,swift
7189,snapping
7190,scholarship
7191,downside
7192,prepare
7193,substantial
7194,smacking
7195,swinging
7196,chains
7197,waited
7198,conscience
7199,determined
7200,hankering
7201,pret
7202,costa
7203,hipster
7204,appealing
7205,enlighten
7206,ban
7207,europeans
7208,sq
7209,rundle
7210,geocaching
7211,chasing
7212,dragon
7213,crispy
7214,salty
7215,chilli
7216,beef
7217,wp
7218,uploads
7219,03
7220,intrested
7221,prison
7222,esp
7223,volunteered
7224,widely
7225,chest
7226,tightening
7227,consuming
7228,hostile
7229,tinny
7230,bothered
7231,wholesale
7232,disregard
7233,decency
7234,failures
7235,overwhelming
7236,selfish
7237,encountered
7238,exercising
7239,sheer
7240,pains
7241,anger
7242,rapidly
7243,ear
7244,aids
7245,reluctantly
7246,device
7247,translate
7248,referencing
7249,readily
7250,refer
7251,adopt
7252,adoption
7253,organisations
7254,clarendon
7255,mulgrave
7256,instructions
7257,curiosity
7258,ciggie
7259,quitting
7260,holy
7261,www.woolworths.com.au
7262,browse
7263,cigarettes
7264,tobacco
7265,affluent
7266,wealth
7267,bats
7268,entering
7269,grip
7270,ct
7271,oranges
7272,10000
7273,strawberries
7274,gigantic
7275,apples
7276,tasty
7277,replies
7278,carpark
7279,exits
7280,wilson
7281,upark
7282,nineteen
7283,ramp
7284,layout
7285,predatory
7286,pointers
7287,agencies
7288,agency
7289,zipcar
7290,ucl
7291,psychological
7292,perceptions
7293,methods
7294,inform
7295,decisions
7296,advantages
7297,disadvantages
7298,corridors
7299,sardines
7300,gamers
7301,discord
7302,gamer
7303,console
7304,discussions
7305,xawssp3a8q
7306,publically
7307,lads
7308,brit
7309,definitive
7310,nightclubs
7311,pouches
7312,chop
7313,hookup
7314,democracy
7315,voting
7316,insert
7317,2002
7318,hatch
7319,exhaust
7320,sounding
7321,bankstown
7322,chicks
7323,flock
7324,curfew
7325,airports
7326,melton
7327,shepherds
7328,vitamins
7329,shelves
7330,d3
7331,pharmacists
7332,plant
7333,shocked
7334,loves
7335,mining
7336,jupiter
7337,sunny
7338,cycled
7339,builders
7340,dusty
7341,glue
7342,vacating
7343,inspections
7344,supported
7345,irony
7346,unimelb
7347,extraordinarily
7348,flemington
7349,parkville
7350,cramped
7351,kinder
7352,m2
7353,pacific
7354,congested
7355,diverted
7356,netherlands
7357,sharpen
7358,fintech
7359,mechanics
7360,reserved
7361,violations
7362,prolonged
7363,rumbling
7364,earthquake
7365,owns
7366,washed
7367,saint
7368,john's
7369,primrose
7370,stunning
7371,elegant
7372,tonne
7373,energetic
7374,quaint
7375,cobbled
7376,thames
7377,nutshell
7378,lewis
7379,advert
7380,waitrose
7381,trekking
7382,finchley
7383,greenford
7384,wing
7385,grange
7386,coronavirusdownunder
7387,new.reddit.com
7388,resource
7389,articles
7390,www.vic.gov.au
7391,app.powerbi.com
7392,eyjrijoinwiyogzhytutnzrlns00m2ezltgxmdutmzyzndq2zjhkmgviiiwidci6imrjmwywngy1lwmxztutndqyos1hodeyltu3otniztq1ymy5zcisimmiojewfq
7393,3d
7394,13
7395,mensline
7396,1300
7397,789
7398,978
7399,659
7400,467
7401,psychiatric
7402,triage
7403,geographic
7404,www.health.vic.gov.au
7405,mentalhealthservices
7406,368
7407,186
7408,888
7409,236
7410,www.lifeline.org.au
7411,bans
7412,unverified
7413,patients
7414,movements
7415,journalism
7416,mongering
7417,users
7418,backstory
7419,flew
7420,daniel
7421,snuck
7422,landing
7423,dan
7424,relating
7425,governor
7426,sighting
7427,spotify
7428,itunes
7429,mic
7430,artist
7431,hook
7432,drilled
7433,drilling
7434,psychologique
7435,equal
7436,casa
7437,convo
7438,halves
7439,guidelines
7440,cáfe
7441,leeds
7442,www.spark.uk.net
7443,chilled
7444,voluntary
7445,contributions
7446,cafepsycholiverpool
7447,cafepsychlvp
7448,mailto:cafepsychlvp
7449,consideration
7450,providers
7451,magazines
7452,vinnies
7453,warhammer
7454,questionable
7455,parra
7456,spinning
7457,scratches
7458,wax
7459,interpretation
7460,translation
7461,fluent
7462,languages
7463,classroom
7464,piano
7465,copying
7466,projection
7467,menswear
7468,chinos
7469,collared
7470,sweaters
7471,uniqlo
7472,topshop
7473,pants
7474,arrivals
7475,drag
7476,trendy
7477,bob
7478,layers
7479,assed
7480,hairdressers
7481,blunt
7482,cuts
7483,repetitive
7484,muscles
7485,tension
7486,impressive
7487,safer
7488,barbican
7489,buffer
7490,shove
7491,dipping
7492,unsafe
7493,slog
7494,gratefully
7495,1hr
7496,screw
7497,ecegpx7
7498,sunbury
7499,everyone's
7500,debating
7501,photoshoot
7502,gritty
7503,grungy
7504,whereabouts
7505,prey
7506,swooped
7507,kite
7508,hawk
7509,grabbed
7510,frantically
7511,interactive
7512,improv
7513,belair
7514,4.30
7515,cemetery
7516,apologetic
7517,muzzle
7518,cc
7519,lenders
7520,hallam
7521,narre
7522,warren
7523,mtb
7524,scraped
7525,clarity
7526,manufacturer
7527,broker
7528,timber
7529,bell
7530,hardwood
7531,parent's
7532,dice
7533,trays
7534,purchasing
7535,wouldnt
7536,tagging
7537,sixers
7538,waaay
7539,cents
7540,performance
7541,reliability
7542,shades
7543,shambles
7544,lurking
7545,dymocks
7546,bookshops
7547,antique
7548,strata
7549,conveyancer
7550,defects
7551,noted
7552,scope
7553,refurbishment
7554,tile
7555,replacements
7556,demolition
7557,structures
7558,overhaul
7559,selected
7560,edge
7561,noting
7562,resolved
7563,750k
7564,variations
7565,identified
7566,repayments
7567,levy
7568,levies
7569,repayment
7570,establish
7571,owing
7572,portland
7573,vital
7574,brag
7575,exceptionally
7576,acute
7577,priority
7578,advocate
7579,copenhagen
7580,reaction
7581,boris
7582,deserve
7583,logbook
7584,stating
7585,hpt
7586,tasked
7587,clerkenwell
7588,rum
7589,2am
7590,um
7591,backpay
7592,pretend
7593,lukewarm
7594,mofo
7595,abbotsford
7596,cavities
7597,upfront
7598,rays
7599,megathread
7600,increasing
7601,hostility
7602,misinformation
7603,uncivility
7604,trialing
7605,moderation
7606,downvoted
7607,visibility
7608,moderated
7609,tolerance
7610,breaches
7611,refraining
7612,respectful
7613,commenting
7614,disinformation
7615,inciting
7616,vitriol
7617,toxicity
7618,perpetuated
7619,observed
7620,noticeable
7621,identifiable
7622,toys
7623,salvos
7624,appeals
7625,wales
7626,lettings
7627,programming
7628,powerpoint
7629,periods
7630,backpacking
7631,migrants
7632,adamant
7633,iraqi
7634,rising
7635,hitler
7636,decipher
7637,searches
7638,description
7639,realized
7640,leytonstone
7641,blues
7642,tavern
7643,crashing
7644,intern
7645,pillows
7646,dispose
7647,rspca
7648,pillow
7649,stains
7650,abit
7651,kayaking
7652,inflatable
7653,stinky
7654,percent
7655,volunteers
7656,08
7657,army
7658,bc
7659,3hrs
7660,loop
7661,blacktown
7662,france
7663,closure
7664,year's
7665,bedrooms
7666,bathrooms
7667,spaced
7668,pad
7669,450
7670,pw
7671,inland
7672,pakenham
7673,waits
7674,75
7675,13th
7676,kirkby
7677,runcorn
7678,helens
7679,prescot
7680,vip
7681,procedures
7682,nz
7683,isolate
7684,essentials
7685,ping
7686,greymutt
7687,tutoring
7688,greek
7689,beginner
7690,watford
7691,junction
7692,reflecting
7693,pressed
7694,systemic
7695,structural
7696,overtly
7697,ranged
7698,innocuous
7699,muttering
7700,incidents
7701,racially
7702,perpetrator
7703,conflicted
7704,navigating
7705,medic
7706,george's
7707,kentish
7708,kogan
7709,nbn
7710,installation
7711,sms
7712,technical
7713,finalize
7714,escalated
7715,compromised
7716,whinging
7717,affording
7718,empathy
7719,compassion
7720,utterly
7721,selfishly
7722,shocks
7723,gymnastics
7724,dies
7725,regret
7726,affecting
7727,deeper
7728,australian's
7729,justifying
7730,centred
7731,santander
7732,splitting
7733,annoy
7734,couldnt
7735,ramps
7736,mountains
7737,raining
7738,ti
7739,hella
7740,defect
7741,converting
7742,t6
7743,carlingford
7744,operating
7745,clyde
7746,flexible
7747,timetable
7748,crowding
7749,commuted
7750,dip
7751,colonial
7752,brewery
7753,delightful
7754,unnoticed
7755,hd
7756,1mb
7757,q7
7758,450k
7759,lisa
7760,salaries
7761,freehold
7762,suburbia
7763,grimy
7764,blackheath
7765,deptford
7766,eltham
7767,shooters
7768,children's
7769,knocked
7770,lebanese
7771,arrested
7772,belmore
7773,backpack
7774,toy
7775,youtuber
7776,explores
7777,rotting
7778,mansions
7779,shitter
7780,tallest
7781,hemisphere
7782,raf
7783,northolt
7784,featuring
7785,trumpet
7786,vocals
7787,matt
7788,walker
7789,mario
7790,kart
7791,recognized
7792,assets.publishing.service.gov.uk
7793,attachment
7794,_data
7795,dvla
7796,correct
7797,hale
7798,hearty
7799,horrific
7800,homophobic
7801,sexist
7802,insults
7803,describing
7804,tapes
7805,minors
7806,porn
7807,hl
7808,digging
7809,murdoch
7810,supporters
7811,slammed
7812,criticism
7813,declared
7814,queer
7815,patronage
7816,abuse
7817,petition
7818,www.change.org
7819,inclined
7820,metre
7821,cooked
7822,stagnant
7823,shallow
7824,friendship
7825,dramas
7826,likeminded
7827,females
7828,talks
7829,remarked
7830,disagree
7831,carved
7832,wooden
7833,bearded
7834,sincerely
7835,inconveniencing
7836,sundays
7837,converse
7838,linux
7839,pm's
7840,landmarks
7841,possibility
7842,bendigo
7843,firms
7844,geographically
7845,timely
7846,manor
7847,320
7848,lockable
7849,albans
7850,broadmeadows
7851,fancies
7852,doubles
7853,players
7854,trashy
7855,edgecliff
7856,weatherboard
7857,ageing
7858,ducted
7859,380
7860,coldest
7861,deg
